Age,Gender,City,Subscription_Type,Monthly_Spending,Tenure,Number_of_Purchases,Customer_Support_Requests,Login_Frequency,Satisfaction_Score,Payment_Delay,Contract_Length,Total_Spending,Days_Since_Last_Activity,Churn_Status
56.0,1,3,1,3860.0,52,15,10,2,5.0,20,0,200720,83,1
40.0,1,1,1,4482.0,11,24,2,1,5.0,1,2,49302,88,0
61.0,1,5,0,1305.0,30,2,4,1,1.0,11,0,39150,58,1
39.0,1,7,1,5904.0,44,49,10,0,3.0,30,0,259776,42,0
45.0,1,5,0,1475.0,60,15,2,2,4.0,22,2,88500,64,0
20.0,0,3,0,1318.0,37,7,4,0,1.0,6,1,48766,18,0
21.0,0,0,0,815.0,25,14,1,1,2.0,8,1,20375,90,1
19.0,1,2,2,1591.0,20,60,6,1,4.0,28,1,31820,8,1
64.0,0,0,0,705.0,35,36,1,0,4.0,1,1,24675,6,0
59.0,1,5,0,1321.0,4,63,1,0,2.0,11,1,5284,34,0
27.0,0,7,1,5317.0,36,48,7,1,4.0,24,0,191412,62,1
57.0,1,0,0,1219.0,21,53,7,1,2.0,24,0,25599,60,1
62.0,0,0,2,2680.0,41,15,0,0,1.0,6,1,109880,9,0
41.0,1,4,2,2147.0,1,63,10,1,3.0,16,2,2147,8,1
52.0,0,2,1,2284.0,35,5,9,0,2.0,8,0,186760,28,1
24.0,1,1,2,2279.0,9,34,0,2,5.0,2,1,20511,44,0
57.0,1,4,0,1486.0,22,35,0,1,3.0,4,0,32692,47,0
31.0,0,5,2,2528.0,3,14,6,1,3.0,8,0,7584,79,1
32.0,0,7,1,5939.0,26,77,2,2,1.0,19,1,154414,4,1
47.0,0,1,2,2930.0,37,15,10,1,5.0,3,0,108410,13,0
49.0,0,5,1,4722.0,7,28,1,2,2.0,12,1,33054,62,1
23.0,1,1,1,4051.0,28,44,3,2,3.0,25,0,113428,89,1
56.0,1,2,0,884.0,33,27,8,0,4.0,12,0,29172,3,0
56.0,0,2,2,2979.0,6,27,8,2,5.0,0,2,17874,51,1
59.0,0,0,1,3663.0,44,79,10,1,1.0,19,2,161172,62,1
29.0,1,0,1,4636.0,39,56,0,2,3.0,16,0,180804,2,0
19.0,0,5,0,1065.0,28,1,2,2,2.0,20,0,29820,44,1
43.0,0,1,1,4733.0,32,32,6,1,4.0,22,2,151456,75,1
34.0,0,7,0,779.0,38,69,3,2,2.0,5,0,29602,86,1
28.0,1,4,2,1643.0,48,73,10,1,5.0,2,0,78864,20,0
53.0,0,0,0,845.0,19,67,2,1,4.0,6,0,16055,52,0
58.0,1,2,1,4959.0,33,39,1,2,1.0,10,0,163647,57,1
42.0,1,1,1,5198.0,50,31,9,2,3.0,6,2,259900,16,0
43.0,1,0,1,4016.0,48,60,0,0,2.0,0,1,192768,48,0
29.0,1,7,1,4183.0,5,9,8,2,3.0,18,1,20915,48,1
33.0,0,6,1,3403.0,3,24,5,2,1.0,23,0,10209,75,1
25.0,1,7,0,921.0,36,25,1,2,2.0,1,0,33156,54,1
52.0,1,7,0,1456.0,16,41,3,1,1.0,3,2,23296,33,0
31.0,1,7,0,1315.0,21,20,7,1,3.0,16,1,27615,33,1
65.0,1,7,2,2454.0,12,22,5,0,5.0,18,1,29448,54,0
25.0,1,1,1,5074.0,27,21,0,0,4.0,14,2,136998,64,0
50.0,0,7,2,2519.0,5,61,2,2,4.0,2,0,12595,64,1
34.0,1,2,1,4243.0,44,30,4,2,3.0,27,1,186692,37,0
41.0,0,5,2,1996.0,29,46,4,0,3.0,27,0,57884,63,0
38.0,1,3,2,2684.0,32,67,1,0,3.0,9,1,85888,54,0
20.0,1,7,0,1185.0,40,24,1,1,2.0,30,2,47400,27,1
59.0,0,1,2,2284.0,2,33,8,1,3.0,21,1,4568,48,1
56.0,0,7,0,1181.0,29,26,2,2,2.0,24,2,34249,24,0
30.0,1,3,1,4529.0,60,7,8,0,4.0,12,0,271740,20,0
18.0,1,7,0,1011.0,8,16,2,2,4.0,1,1,8088,66,0
49.0,0,7,2,2353.0,23,51,8,1,2.0,30,0,54119,62,1
39.0,0,3,2,2069.0,58,49,3,2,2.0,5,1,120002,15,0
60.0,0,5,1,5660.0,60,8,4,0,4.0,11,2,339600,5,0
56.0,0,1,0,1273.0,4,47,2,2,4.0,15,0,5092,13,0
59.0,1,3,1,4682.0,30,17,7,2,3.0,27,0,140460,58,1
43.0,1,6,1,3116.0,37,62,6,0,1.0,11,0,115292,1,1
18.0,1,2,0,1301.0,47,48,8,1,5.0,20,2,61147,1,0
33.0,1,7,2,2203.0,39,63,4,1,5.0,22,2,85917,67,0
29.0,1,3,1,4679.0,26,51,4,1,1.0,28,1,121654,78,1
45.0,0,0,0,546.0,5,62,3,0,5.0,11,2,2730,16,0
43.0,0,7,2,1931.0,26,39,3,2,1.0,29,0,50206,23,1
27.0,0,6,2,2623.0,54,34,3,1,2.0,25,0,141642,19,1
49.0,0,2,0,824.0,1,4,7,0,2.0,16,0,824,32,1
44.0,0,1,2,2189.0,20,35,0,1,1.0,28,0,43780,51,1
60.0,0,0,0,767.0,37,67,0,2,1.0,7,2,28379,74,0
60.0,0,3,1,3284.0,44,13,1,0,5.0,18,1,144496,35,0
40.0,1,1,2,1589.0,17,8,9,1,2.0,25,0,27013,34,1
58.0,1,0,2,2719.0,7,58,4,0,2.0,12,0,19033,75,1
46.0,0,7,1,3728.0,56,21,8,0,4.0,9,1,208768,73,0
41.0,0,0,0,1188.0,35,36,1,1,1.0,6,2,41580,24,0
40.0,0,0,0,536.0,32,12,0,1,5.0,22,1,17152,89,1
52.0,1,0,0,1297.0,41,17,0,0,4.0,15,1,53177,89,0
39.0,0,3,0,1198.0,13,19,0,1,4.0,11,2,15574,61,0
58.0,1,3,2,1575.0,19,9,6,0,4.0,13,2,29925,52,0
36.0,1,5,0,2284.0,58,16,4,1,5.0,2,1,50228,12,0
42.0,0,3,2,2390.0,52,53,6,1,1.0,6,2,124280,53,1
59.0,1,2,2,2434.0,58,14,9,0,5.0,2,1,141172,87,0
46.0,1,7,0,1342.0,43,18,8,1,2.0,25,1,57706,17,1
55.0,1,1,1,4197.0,7,13,7,2,2.0,8,1,29379,50,1
44.0,1,0,0,693.0,58,5,4,0,3.0,7,0,40194,65,0
39.0,0,3,2,2010.0,52,71,8,1,5.0,3,0,104520,36,0
23.0,0,4,2,2938.0,60,19,5,1,3.0,9,0,176280,90,0
36.0,1,7,2,2649.0,39,67,1,2,4.0,29,1,103311,58,0
37.0,1,0,2,1955.0,28,61,8,0,1.0,2,2,54740,77,1
45.0,0,4,0,690.0,57,25,7,1,1.0,5,1,39330,6,1
61.0,1,0,0,1171.0,45,45,4,1,5.0,10,2,52695,36,0
52.0,0,4,1,4555.0,19,57,1,2,1.0,16,1,86545,14,1
32.0,1,5,1,4396.0,31,54,5,1,3.0,15,1,136276,87,0
28.0,1,5,0,829.0,12,16,7,0,4.0,23,2,9948,28,0
25.0,1,4,2,2871.0,58,36,9,1,2.0,27,2,166518,50,1
45.0,0,4,1,3868.0,28,41,3,1,3.0,21,2,108304,63,0
34.0,0,0,1,3928.0,9,77,2,2,5.0,5,1,35352,82,0
22.0,0,0,1,4944.0,47,66,9,1,2.0,26,0,232368,5,1
50.0,0,5,1,5193.0,54,49,10,0,5.0,25,0,280422,63,1
42.0,0,5,1,5874.0,22,27,0,1,5.0,0,1,129228,1,0
38.0,0,7,2,2322.0,48,6,0,0,5.0,30,2,111456,5,0
55.0,0,6,2,2960.0,3,23,4,2,5.0,4,2,8880,74,0
27.0,1,6,1,4168.0,19,78,8,1,1.0,18,2,79192,45,1
30.0,1,0,1,4469.0,4,65,0,0,2.0,27,2,17876,72,1
56.0,0,2,0,749.0,26,34,5,0,3.0,26,1,19474,50,0
29.0,1,7,0,553.0,1,5,10,1,1.0,16,0,553,47,1
40.0,1,6,1,4252.0,15,14,1,1,3.0,18,1,63780,38,0
51.0,0,7,1,4329.0,38,30,10,0,3.0,30,1,164502,52,1
55.0,0,5,0,1483.0,33,79,6,1,2.0,18,2,48939,81,1
22.0,1,2,2,2399.0,29,10,7,1,1.0,9,0,69571,17,1
37.0,0,3,1,3068.0,24,34,5,1,5.0,1,0,73632,77,0
60.0,0,1,2,1610.0,43,23,6,0,3.0,21,2,69230,16,0
25.0,0,6,1,3359.0,4,4,7,0,1.0,2,2,13436,67,1
44.0,0,6,0,1171.0,29,50,9,0,3.0,18,1,33959,21,0
22.0,0,0,0,1103.0,18,42,5,0,5.0,5,1,19854,1,0
22.0,0,7,2,2023.0,41,46,1,2,1.0,13,0,82943,90,1
62.0,0,7,2,2596.0,27,26,8,2,1.0,21,1,70092,56,1
47.0,1,1,0,1330.0,43,48,0,1,2.0,3,1,57190,1,0
25.0,1,7,0,1366.0,49,52,7,2,2.0,27,1,66934,87,1
31.0,0,6,2,2909.0,24,26,10,1,3.0,6,0,69816,3,0
64.0,0,5,1,5797.0,23,18,9,0,3.0,18,0,133331,15,0
42.0,0,6,0,984.0,55,28,9,2,1.0,16,1,54120,86,1
43.0,0,5,1,3536.0,44,17,3,0,1.0,3,2,155584,10,0
20.0,1,6,0,608.0,41,18,3,2,2.0,14,1,24928,8,0
57.0,0,3,2,2247.0,49,42,8,2,5.0,5,2,110103,52,0
43.0,0,1,2,2966.0,34,56,10,1,5.0,5,2,100844,33,0
39.0,1,5,1,4733.0,21,70,6,0,4.0,29,2,99393,75,0
47.0,1,2,1,5870.0,31,9,6,2,3.0,18,0,181970,31,1
57.0,0,1,0,1047.0,37,24,5,2,2.0,19,1,38739,75,1
21.0,0,7,2,2145.0,15,51,8,2,2.0,14,1,32175,75,1
25.0,0,0,2,2958.0,26,45,4,2,2.0,21,0,76908,68,1
36.0,0,3,1,3224.0,20,20,0,0,4.0,14,0,64480,1,0
42.0,0,7,1,3319.0,14,38,4,1,3.0,30,2,46466,77,0
60.0,1,3,0,1172.0,3,6,1,1,2.0,4,0,3516,23,1
27.0,1,7,0,1397.0,44,13,7,2,2.0,19,2,61468,65,1
54.0,1,7,2,2284.0,9,9,10,0,3.0,29,1,20556,49,1
22.0,0,1,1,3235.0,60,50,4,0,3.0,8,2,194100,34,0
29.0,1,1,2,2012.0,35,40,5,1,4.0,28,2,70420,72,0
28.0,1,0,1,4252.0,41,14,2,0,5.0,4,1,174332,5,0
36.0,0,7,0,577.0,59,26,3,0,1.0,12,2,34043,42,0
42.0,1,2,1,5343.0,18,72,6,2,3.0,28,2,96174,38,0
50.0,1,3,2,2074.0,23,15,0,0,1.0,16,1,47702,66,1
31.0,0,2,1,5151.0,53,51,6,0,3.0,5,1,273003,6,0
20.0,1,5,2,2702.0,7,72,9,1,4.0,14,1,18914,29,0
50.0,0,6,1,3477.0,52,27,3,1,5.0,5,1,180804,57,0
50.0,1,0,1,3950.0,37,33,3,0,2.0,9,1,146150,5,0
27.0,0,5,1,4141.0,33,38,3,0,5.0,23,1,136653,52,0
32.0,0,7,0,1147.0,29,5,3,2,4.0,12,1,33263,2,0
44.0,1,6,1,5674.0,31,36,3,0,2.0,10,2,175894,27,0
22.0,0,4,0,510.0,20,74,7,2,2.0,13,1,10200,12,1
43.0,1,6,0,1115.0,13,62,1,2,1.0,0,1,14495,60,1
60.0,0,0,1,3355.0,12,68,4,0,5.0,7,1,40260,31,0
26.0,1,7,0,550.0,54,29,7,1,1.0,21,2,29700,11,1
40.0,0,6,1,5861.0,1,21,9,1,4.0,21,2,5861,87,1
18.0,0,6,2,2066.0,54,40,4,1,1.0,20,0,111564,9,1
27.0,0,7,2,1812.0,52,26,8,0,3.0,30,0,94224,25,0
43.0,0,4,2,1885.0,11,7,1,0,3.0,1,2,20735,17,0
60.0,0,5,1,3875.0,59,51,5,0,1.0,6,1,228625,52,0
23.0,0,6,2,2684.0,53,49,10,2,2.0,27,1,142252,85,1
24.0,1,2,1,4107.0,17,49,3,1,4.0,30,1,69819,61,0
57.0,1,1,0,826.0,49,1,6,1,3.0,26,2,40474,56,1
36.0,0,0,1,5717.0,32,29,0,0,5.0,28,2,182944,30,0
33.0,0,2,0,518.0,40,18,0,2,3.0,14,0,20720,66,0
45.0,0,1,2,1613.0,49,38,2,1,4.0,0,2,79037,8,0
46.0,1,0,0,1370.0,55,3,9,1,2.0,18,2,75350,34,1
50.0,0,1,1,3054.0,23,32,1,2,5.0,7,0,70242,65,0
20.0,1,0,2,1942.0,24,72,5,2,1.0,14,1,46608,67,1
50.0,0,1,0,763.0,28,34,2,2,3.0,15,1,21364,68,0
54.0,1,2,2,1968.0,54,14,6,2,2.0,6,0,106272,74,1
24.0,1,1,0,650.0,33,19,2,0,4.0,28,1,21450,60,0
35.0,1,7,0,1396.0,2,47,4,0,4.0,10,1,2792,2,0
20.0,1,5,2,2642.0,23,12,3,2,5.0,4,1,60766,38,0
47.0,0,0,1,4076.0,9,44,2,0,4.0,25,0,36684,86,0
61.0,1,7,1,3592.0,24,74,7,1,3.0,13,1,86208,87,1
42.0,1,1,0,1381.0,17,14,8,1,2.0,12,2,23477,25,1
56.0,1,1,0,1257.0,9,22,10,2,4.0,25,1,11313,58,1
46.0,0,0,0,1109.0,45,37,10,1,2.0,20,1,49905,42,1
53.0,0,6,0,1433.0,41,34,0,0,5.0,24,0,58753,76,0
40.0,0,7,2,1841.0,53,27,8,1,3.0,7,2,97573,12,0
62.0,1,1,2,2320.0,57,71,9,1,5.0,16,0,132240,26,1
42.0,1,1,2,2201.0,28,46,1,0,3.0,21,2,61628,65,0
53.0,0,6,0,1293.0,51,29,4,2,3.0,7,2,65943,11,0
53.0,0,5,2,1686.0,49,39,7,0,3.0,21,2,82614,55,0
64.0,0,6,0,1257.0,24,22,4,0,1.0,25,0,30168,36,1
64.0,0,4,1,4762.0,20,62,10,2,5.0,10,0,95240,73,0
43.0,1,7,1,4524.0,2,73,8,0,1.0,0,2,9048,89,1
60.0,1,0,1,5089.0,40,25,6,1,3.0,2,0,203560,44,0
47.0,0,6,2,2365.0,38,12,2,1,5.0,11,2,89870,59,0
42.0,0,6,0,1068.0,10,55,0,2,4.0,29,1,10680,80,0
41.0,0,4,2,2160.0,19,80,5,0,1.0,17,0,41040,89,1
42.0,1,4,2,1988.0,15,26,9,0,1.0,22,1,29820,26,1
38.0,0,5,1,3249.0,22,7,4,1,1.0,18,1,71478,48,1
25.0,1,4,2,2326.0,50,39,2,2,2.0,26,0,116300,17,1
31.0,0,3,1,5667.0,31,60,1,0,3.0,4,1,175677,43,0
57.0,0,3,0,682.0,26,39,7,0,1.0,3,1,17732,86,1
42.0,0,6,0,1221.0,13,33,9,1,4.0,29,1,15873,66,1
52.0,1,0,2,2284.0,42,30,10,0,5.0,12,1,85890,18,0
49.0,1,3,1,4914.0,32,39,3,0,5.0,29,0,157248,62,0
61.0,1,0,1,3271.0,57,56,8,1,2.0,29,2,186447,25,1
56.0,0,2,0,888.0,20,65,0,1,3.0,12,1,17760,14,0
47.0,1,1,2,1823.0,50,18,4,0,1.0,15,1,91150,65,0
63.0,0,5,2,2084.0,15,15,0,2,1.0,23,0,31260,68,1
29.0,0,1,2,1560.0,59,43,5,1,3.0,29,2,92040,77,0
51.0,1,2,2,2063.0,25,4,10,2,4.0,28,1,51575,63,1
62.0,0,3,2,2853.0,46,57,9,0,1.0,16,1,131238,3,1
23.0,0,1,2,1553.0,5,47,6,0,1.0,8,1,7765,20,1
59.0,0,4,1,5737.0,35,62,0,0,3.0,2,1,200795,13,0
64.0,0,4,0,828.0,25,68,4,0,2.0,10,0,20700,56,1
20.0,0,7,2,2487.0,59,29,8,1,3.0,24,1,146733,76,1
59.0,0,5,2,2986.0,9,40,8,0,5.0,10,2,26874,59,0
51.0,1,6,0,623.0,24,79,5,1,3.0,4,2,14952,48,0
43.0,0,2,2,1953.0,18,37,4,1,5.0,16,2,35154,40,0
62.0,0,3,1,3317.0,32,58,2,1,2.0,7,1,106144,77,1
62.0,1,2,2,2785.0,33,19,7,2,4.0,0,1,91905,59,0
65.0,0,2,2,2280.0,41,45,8,0,3.0,9,2,93480,63,0
44.0,0,4,1,3699.0,38,7,4,0,3.0,12,1,140562,58,0
48.0,1,2,0,925.0,23,10,10,0,5.0,29,2,21275,39,0
48.0,0,7,1,5403.0,18,2,6,1,2.0,12,1,97254,46,1
44.0,1,2,2,2756.0,49,17,7,1,2.0,27,2,135044,64,1
41.0,0,3,0,1174.0,45,70,2,2,2.0,8,0,52830,63,1
45.0,0,4,2,1834.0,60,37,5,2,4.0,19,0,110040,68,1
44.0,1,5,1,5571.0,17,22,0,0,2.0,21,0,94707,65,1
39.0,1,1,0,619.0,26,50,3,0,3.0,2,1,16094,52,0
29.0,1,6,1,3028.0,7,11,0,1,3.0,10,0,21196,58,0
40.0,0,0,2,2953.0,26,29,3,2,1.0,2,2,76778,13,0
58.0,1,6,2,2794.0,39,29,10,0,4.0,1,2,108966,47,0
31.0,1,2,2,2545.0,20,75,10,2,3.0,16,2,50900,56,1
45.0,0,5,1,3020.0,29,47,4,2,3.0,19,1,87580,6,0
36.0,0,7,2,2976.0,57,3,10,2,1.0,25,0,169632,38,1
32.0,1,5,1,4980.0,34,35,0,2,1.0,23,2,169320,12,0
35.0,0,0,0,991.0,15,80,10,0,4.0,13,1,14865,89,0
34.0,0,3,1,3519.0,29,79,10,0,2.0,19,2,102051,71,1
20.0,1,6,2,2459.0,29,44,4,1,4.0,25,2,71311,3,0
37.0,0,7,1,3526.0,46,25,6,1,1.0,29,2,162196,84,1
53.0,0,1,1,4701.0,9,48,8,1,4.0,30,2,42309,86,1
19.0,1,0,2,2083.0,24,11,0,1,5.0,17,2,49992,64,0
35.0,0,1,0,994.0,46,38,10,2,5.0,24,1,45724,33,0
55.0,0,1,0,891.0,41,11,5,1,3.0,23,2,36531,41,0
34.0,0,0,0,1388.0,12,46,5,2,4.0,19,1,16656,33,0
27.0,0,4,0,1427.0,40,2,0,2,1.0,8,0,57080,77,1
47.0,1,7,1,5636.0,33,26,5,0,2.0,5,2,185988,90,0
63.0,0,4,0,642.0,58,44,0,2,3.0,28,0,37236,67,1
23.0,0,2,2,2273.0,9,73,6,2,1.0,17,2,20457,76,1
25.0,0,5,1,4713.0,8,62,3,2,3.0,30,0,37704,7,0
28.0,1,6,0,707.0,20,4,5,0,2.0,21,2,14140,26,0
20.0,0,7,1,3873.0,41,14,10,1,2.0,21,2,158793,12,1
40.0,0,0,1,5956.0,12,25,2,2,2.0,18,0,71472,55,1
63.0,1,3,0,1184.0,36,8,6,2,5.0,22,1,42624,32,0
61.0,1,2,0,1465.0,18,18,2,0,5.0,23,0,26370,59,0
20.0,0,6,2,2254.0,28,35,5,0,1.0,6,2,63112,76,0
47.0,0,1,2,1658.0,21,58,7,0,4.0,4,0,34818,4,0
45.0,0,5,2,2905.0,44,20,7,1,2.0,16,2,127820,51,1
49.0,0,7,2,1919.0,41,66,1,2,4.0,5,0,78679,39,0
59.0,0,2,1,4394.0,51,58,5,2,5.0,11,2,224094,3,0
62.0,0,3,2,1520.0,18,15,0,2,3.0,25,0,27360,8,0
53.0,1,6,0,977.0,48,42,1,0,5.0,4,0,46896,38,0
62.0,1,3,2,1817.0,41,60,7,1,1.0,19,0,74497,2,1
56.0,1,2,1,5938.0,6,28,1,1,3.0,4,2,35628,5,0
42.0,1,7,2,1959.0,40,56,3,1,5.0,22,2,78360,47,0
48.0,1,0,0,509.0,11,67,5,1,2.0,28,2,5599,10,1
29.0,0,1,0,860.0,30,1,4,0,4.0,7,0,25800,43,0
29.0,1,3,2,1812.0,1,64,5,1,4.0,27,2,1812,37,0
64.0,0,3,0,703.0,37,37,0,2,1.0,23,0,26011,44,1
45.0,1,5,1,4742.0,47,6,10,1,5.0,19,2,222874,78,1
19.0,1,6,2,2010.0,9,37,3,2,2.0,28,2,18090,1,0
52.0,1,6,1,5532.0,6,59,4,1,1.0,16,2,33192,51,1
31.0,1,0,2,1989.0,12,20,4,0,2.0,23,0,23868,43,1
51.0,1,6,2,2829.0,25,29,8,2,3.0,17,2,70725,23,0
61.0,1,6,1,5198.0,38,45,3,2,2.0,9,0,197524,8,0
38.0,1,4,1,4014.0,1,8,5,1,5.0,14,0,4014,86,1
64.0,1,0,1,5358.0,34,43,9,0,2.0,17,2,182172,17,1
43.0,0,5,1,3302.0,8,76,10,0,1.0,13,1,26416,68,1
50.0,0,5,0,646.0,1,31,4,0,5.0,8,0,646,90,0
45.0,1,5,2,2509.0,2,64,5,1,1.0,0,1,5018,41,1
42.0,0,6,2,2280.0,48,73,4,2,5.0,30,2,109440,75,0
21.0,1,4,2,2904.0,34,4,5,2,3.0,5,2,98736,82,0
30.0,0,4,0,778.0,41,75,0,0,1.0,20,1,31898,15,0
18.0,1,2,0,1210.0,12,15,4,1,3.0,27,1,14520,89,1
50.0,1,4,0,1235.0,49,35,5,0,2.0,10,0,60515,72,1
63.0,0,2,2,2341.0,14,66,8,2,3.0,20,2,32774,26,0
25.0,0,3,2,2973.0,48,70,4,0,5.0,25,1,142704,25,0
29.0,0,2,1,2284.0,5,37,3,0,3.0,15,0,16515,87,0
23.0,1,6,0,997.0,46,43,4,1,3.0,22,1,45862,80,1
64.0,0,2,2,2647.0,53,15,8,0,4.0,10,0,140291,51,0
32.0,0,3,1,2284.0,4,13,5,0,3.0,1,2,15152,78,0
21.0,0,3,0,872.0,48,52,10,2,5.0,14,2,41856,28,0
52.0,0,4,2,2667.0,8,36,1,1,2.0,16,0,21336,77,1
21.0,1,5,0,844.0,26,75,6,1,4.0,9,2,21944,39,0
30.0,1,2,1,5359.0,31,42,9,0,4.0,19,0,166129,68,1
24.0,0,5,2,2908.0,54,44,7,2,5.0,9,0,157032,47,1
30.0,0,0,1,4300.0,55,9,9,2,1.0,14,2,236500,10,0
41.0,1,3,0,1132.0,58,42,7,1,1.0,25,2,65656,37,1
21.0,1,2,2,2163.0,50,19,3,2,4.0,6,2,108150,74,0
42.0,0,6,1,3914.0,18,36,9,2,1.0,22,1,70452,69,1
64.0,0,7,1,3482.0,49,33,6,1,5.0,16,1,170618,22,0
65.0,0,2,2,1918.0,37,71,10,0,2.0,8,2,70966,78,1
30.0,0,0,0,753.0,57,25,1,1,3.0,6,1,42921,85,0
35.0,1,3,0,1053.0,3,39,8,2,1.0,10,0,3159,24,1
63.0,1,0,2,2741.0,19,42,6,2,5.0,13,0,52079,36,0
57.0,1,6,1,3352.0,37,36,2,2,1.0,7,0,124024,70,1
58.0,1,5,1,3707.0,39,13,0,0,4.0,1,0,144573,60,0
22.0,0,2,2,1659.0,44,21,7,0,2.0,2,0,72996,44,1
20.0,0,3,2,2653.0,22,44,1,1,1.0,2,1,58366,87,1
47.0,0,5,1,3661.0,52,44,9,0,4.0,4,1,190372,77,0
46.0,0,2,2,2826.0,31,55,9,1,1.0,22,1,87606,16,1
29.0,1,6,1,4423.0,17,12,7,2,4.0,2,0,75191,16,0
47.0,0,2,0,778.0,45,5,3,2,4.0,0,2,35010,30,0
38.0,0,2,2,1905.0,20,72,6,2,3.0,20,2,38100,16,1
29.0,0,7,2,2237.0,38,14,3,1,1.0,22,0,85006,66,1
58.0,1,7,2,2269.0,21,73,0,2,3.0,2,2,47649,52,0
40.0,1,7,0,695.0,26,55,5,1,3.0,21,1,18070,43,0
32.0,1,1,1,4339.0,22,12,0,1,2.0,5,2,95458,82,1
62.0,1,1,1,4693.0,35,78,5,2,3.0,15,1,164255,7,0
31.0,0,4,1,3398.0,9,21,2,2,2.0,26,0,30582,2,1
52.0,0,2,2,2729.0,18,20,1,2,2.0,24,2,49122,66,1
42.0,0,0,1,4312.0,54,36,0,1,5.0,19,1,232848,3,0
52.0,1,0,2,2401.0,41,25,4,2,2.0,7,0,98441,21,0
51.0,1,4,2,2036.0,4,79,3,1,5.0,27,2,8144,12,0
49.0,1,5,2,1591.0,32,13,3,0,2.0,28,2,50912,60,1
23.0,1,6,1,4884.0,32,43,1,0,4.0,22,0,156288,83,0
48.0,0,6,1,2284.0,51,34,9,1,1.0,1,0,231540,11,1
48.0,0,2,2,2986.0,56,73,6,0,3.0,8,0,167216,21,0
26.0,1,3,0,689.0,28,7,0,0,4.0,3,1,19292,40,0
34.0,0,1,2,2882.0,37,52,3,2,4.0,27,1,106634,38,0
56.0,0,5,2,2586.0,50,63,2,0,3.0,27,2,129300,86,0
31.0,1,4,0,1240.0,7,5,6,2,2.0,29,0,8680,21,1
55.0,0,0,2,2160.0,15,10,6,0,2.0,23,2,32400,39,1
22.0,1,4,0,512.0,1,53,1,0,5.0,12,2,512,32,0
53.0,1,4,2,2494.0,17,60,10,0,5.0,19,2,42398,55,0
43.0,0,1,1,3545.0,4,52,1,0,3.0,8,0,14180,52,0
46.0,0,5,1,5601.0,38,21,9,2,5.0,16,0,212838,64,1
34.0,1,5,1,3392.0,56,41,0,2,2.0,27,0,189952,48,1
46.0,0,0,0,509.0,33,58,7,1,5.0,27,1,16797,75,1
51.0,0,7,0,1454.0,8,72,0,1,3.0,27,0,11632,87,1
41.0,1,0,0,966.0,45,69,0,0,5.0,7,2,43470,77,0
25.0,1,4,1,3086.0,57,43,0,1,3.0,18,2,175902,24,0
52.0,0,1,0,516.0,24,5,3,1,5.0,7,2,12384,58,0
48.0,1,6,0,727.0,46,11,3,2,3.0,6,1,33442,28,0
60.0,1,6,1,4284.0,58,5,5,2,2.0,5,2,248472,81,0
48.0,0,7,1,3359.0,8,25,8,1,2.0,14,1,26872,50,1
20.0,0,7,2,2905.0,49,68,8,0,1.0,24,2,142345,62,1
27.0,0,6,2,2151.0,21,2,5,2,5.0,20,2,45171,32,0
48.0,0,1,0,787.0,16,32,1,0,3.0,9,0,12592,15,0
34.0,0,3,1,5230.0,40,73,8,2,3.0,13,1,209200,89,0
39.0,1,2,2,1913.0,52,44,2,1,1.0,23,0,99476,21,1
52.0,0,6,1,4567.0,58,39,0,1,4.0,8,1,264886,47,0
35.0,1,7,2,2920.0,21,21,7,2,4.0,10,0,61320,86,1
39.0,0,3,2,2868.0,43,22,1,0,2.0,28,1,123324,85,1
32.0,1,5,0,782.0,52,50,2,2,4.0,12,0,40664,22,0
60.0,1,4,0,1200.0,37,56,2,0,3.0,22,2,44400,29,0
47.0,0,1,0,607.0,39,25,4,1,2.0,25,1,23673,16,1
25.0,0,1,1,4899.0,1,5,2,2,1.0,3,1,4899,64,1
59.0,1,2,0,990.0,34,10,4,2,3.0,26,0,33660,66,1
58.0,1,5,0,512.0,48,9,3,2,4.0,21,0,24576,90,1
29.0,0,2,0,1473.0,17,14,8,1,2.0,20,1,25041,20,1
28.0,0,2,0,1254.0,16,70,7,2,3.0,4,2,20064,58,0
21.0,1,7,1,4404.0,47,4,3,1,2.0,23,1,206988,26,1
54.0,0,3,1,4492.0,38,54,7,2,5.0,9,0,170696,38,0
63.0,0,1,1,3187.0,4,57,3,0,1.0,22,0,12748,71,1
21.0,0,2,1,3525.0,29,3,7,0,5.0,15,2,102225,58,0
21.0,1,5,2,2265.0,56,24,1,1,2.0,18,2,126840,31,1
36.0,0,4,2,2842.0,49,22,7,0,5.0,11,0,139258,30,0
55.0,0,2,2,2426.0,53,64,2,1,5.0,3,2,128578,55,0
50.0,1,4,0,1330.0,18,47,10,1,1.0,27,1,23940,45,1
50.0,0,1,1,3197.0,17,4,3,2,3.0,14,2,54349,70,0
64.0,0,1,0,623.0,14,75,6,1,1.0,25,2,8722,16,1
42.0,0,3,2,1999.0,57,61,9,1,2.0,2,0,113943,77,1
60.0,1,3,2,1753.0,49,70,0,2,3.0,12,2,85897,51,0
36.0,0,6,2,2046.0,42,46,9,1,3.0,4,2,85932,64,0
54.0,1,0,2,1548.0,20,21,9,1,5.0,3,2,30960,70,0
43.0,0,0,0,1137.0,4,39,1,2,3.0,0,1,4548,24,0
53.0,0,6,2,2308.0,6,54,8,2,4.0,23,0,13848,89,1
53.0,0,6,2,2425.0,21,24,9,0,4.0,6,1,50925,35,0
45.0,1,5,0,1131.0,14,10,5,2,2.0,24,2,15834,77,1
23.0,1,0,2,2340.0,44,45,3,1,3.0,19,0,102960,82,1
60.0,0,0,2,1695.0,57,50,0,2,3.0,6,2,96615,70,0
32.0,0,1,1,3671.0,18,75,3,2,5.0,9,1,66078,26,0
61.0,0,3,1,3895.0,56,14,8,2,5.0,25,2,218120,21,0
35.0,0,0,1,4753.0,5,37,7,1,1.0,18,0,23765,89,1
38.0,0,4,1,5492.0,12,41,0,0,2.0,20,2,65904,68,1
59.0,1,3,0,826.0,57,33,0,0,5.0,28,2,47082,28,0
60.0,0,3,0,922.0,41,49,0,1,2.0,5,0,37802,70,1
51.0,0,4,2,2341.0,1,5,1,0,1.0,1,0,2341,74,1
51.0,1,6,2,1934.0,16,39,5,2,4.0,23,1,30944,40,0
55.0,1,1,1,3570.0,60,10,2,2,3.0,30,1,214200,49,0
49.0,0,0,0,776.0,7,20,9,1,4.0,13,0,5432,86,1
32.0,1,6,1,5791.0,56,79,5,2,4.0,27,2,324296,14,0
44.0,1,0,2,2179.0,41,58,9,0,1.0,30,1,89339,66,1
42.0,1,0,1,4277.0,56,3,7,2,4.0,0,0,239512,42,0
52.0,1,1,0,1178.0,6,52,6,2,1.0,26,0,7068,50,1
60.0,0,2,1,5756.0,19,51,10,2,4.0,9,2,109364,8,0
41.0,0,2,1,3475.0,60,41,3,0,5.0,20,1,208500,72,0
26.0,0,1,1,4967.0,47,42,3,0,4.0,1,2,233449,7,0
33.0,1,4,1,5924.0,3,3,10,1,2.0,10,0,17772,40,1
55.0,1,1,0,719.0,33,1,6,2,5.0,27,0,23727,48,1
60.0,0,4,2,1759.0,37,70,5,0,3.0,8,0,65083,12,0
28.0,1,2,2,2539.0,46,1,6,2,5.0,20,2,116794,30,0
30.0,0,5,2,2783.0,34,28,5,0,2.0,30,0,94622,59,1
44.0,1,4,1,4560.0,5,3,0,1,4.0,24,1,22800,20,0
51.0,0,4,0,881.0,26,5,2,0,5.0,27,2,22906,9,0
55.0,1,1,2,2145.0,50,60,8,0,3.0,1,0,107250,47,0
42.0,1,1,2,2284.0,44,3,9,1,5.0,27,0,86064,90,1
50.0,0,7,2,2045.0,21,41,2,0,2.0,25,1,42945,75,1
40.0,1,0,0,1395.0,48,22,0,0,5.0,11,2,66960,11,0
47.0,0,1,1,3930.0,15,33,3,2,5.0,15,2,58950,34,0
19.0,1,1,1,3935.0,35,28,6,0,1.0,19,0,137725,1,1
25.0,1,4,1,3854.0,55,63,2,1,4.0,25,0,211970,25,0
64.0,1,3,1,5190.0,38,63,4,0,3.0,24,1,197220,53,0
63.0,1,5,1,5019.0,52,76,0,0,1.0,2,0,260988,77,1
32.0,0,0,1,4138.0,18,6,10,2,3.0,22,1,74484,59,1
44.0,1,5,2,2387.0,34,46,5,2,4.0,20,0,81158,72,1
52.0,1,1,2,2095.0,19,25,7,2,2.0,5,1,39805,87,1
39.0,0,7,2,1582.0,48,51,2,0,2.0,18,0,75936,73,1
45.0,0,4,1,5220.0,20,71,8,2,3.0,27,1,104400,19,0
64.0,1,4,1,3397.0,52,38,4,0,5.0,3,0,176644,40,0
34.0,0,7,2,1764.0,30,64,0,1,4.0,24,1,52920,14,0
28.0,0,7,0,1238.0,53,59,8,1,4.0,26,0,65614,68,1
45.0,0,5,1,5561.0,8,41,7,2,5.0,29,0,44488,48,1
47.0,1,4,1,4058.0,12,11,1,0,5.0,30,1,48696,21,0
22.0,1,1,2,2799.0,48,67,0,0,5.0,28,1,134352,73,0
26.0,0,0,2,2558.0,4,65,7,1,5.0,22,0,10232,47,1
57.0,0,6,0,937.0,12,76,8,1,3.0,25,2,11244,52,1
46.0,0,3,0,731.0,22,21,2,2,4.0,24,1,16082,29,0
21.0,0,0,1,4478.0,55,28,3,1,4.0,12,0,246290,67,0
39.0,0,1,2,1693.0,44,34,10,0,1.0,0,1,74492,72,1
40.0,0,4,0,761.0,38,25,1,2,1.0,28,0,28918,12,1
23.0,1,4,1,3282.0,26,8,2,2,4.0,9,0,85332,65,0
46.0,0,6,1,5800.0,45,40,2,2,5.0,19,2,261000,56,0
30.0,1,1,0,548.0,38,46,0,2,3.0,19,1,20824,90,0
56.0,0,4,0,1256.0,21,49,9,1,3.0,21,2,26376,9,0
41.0,0,3,0,1316.0,37,41,0,1,5.0,18,0,48692,59,1
56.0,0,6,1,4574.0,55,13,10,2,3.0,10,0,251570,77,1
63.0,1,4,1,3000.0,45,40,2,2,4.0,7,0,135000,72,0
62.0,0,0,1,5492.0,12,33,9,2,4.0,25,2,65904,69,0
25.0,0,0,2,2358.0,25,46,6,1,5.0,14,1,58950,87,1
64.0,0,2,2,2349.0,20,18,1,0,4.0,29,1,46980,33,0
53.0,1,6,2,1984.0,18,19,7,0,4.0,16,2,35712,76,0
32.0,1,3,1,4793.0,41,63,8,2,2.0,1,0,196513,51,1
28.0,0,1,1,4289.0,13,14,1,1,3.0,21,0,55757,73,1
56.0,1,7,0,1270.0,28,70,10,2,5.0,1,1,35560,38,0
20.0,0,1,2,2873.0,16,40,1,0,1.0,8,0,45968,12,0
52.0,0,6,1,4856.0,43,55,9,0,5.0,20,0,208808,62,1
48.0,1,7,1,4431.0,25,38,4,2,3.0,17,2,110775,36,0
52.0,0,5,2,1874.0,45,73,4,1,2.0,29,1,84330,60,1
61.0,0,4,1,4823.0,34,67,2,0,4.0,11,2,163982,79,0
58.0,0,6,0,859.0,23,75,9,1,3.0,24,1,19757,33,1
41.0,0,7,2,2813.0,39,56,4,2,4.0,4,2,109707,56,0
18.0,1,6,2,2058.0,1,20,2,2,5.0,9,1,2058,60,0
35.0,0,0,0,918.0,28,43,10,0,3.0,16,2,25704,38,0
22.0,0,5,2,2429.0,8,48,3,1,4.0,5,1,19432,65,0
48.0,1,0,1,4648.0,4,50,4,1,3.0,2,1,18592,75,1
62.0,0,0,1,4178.0,4,46,5,2,3.0,26,0,16712,51,1
23.0,1,0,1,5172.0,59,15,4,0,2.0,4,1,305148,37,0
59.0,1,2,1,5693.0,60,68,1,0,4.0,8,2,341580,29,0
30.0,1,7,0,930.0,59,17,5,0,4.0,4,2,54870,37,0
58.0,1,7,0,1408.0,49,34,5,1,5.0,26,1,68992,87,1
20.0,0,6,0,853.0,42,32,2,0,2.0,16,0,35826,85,1
42.0,1,1,2,1799.0,44,11,6,0,4.0,18,1,79156,1,0
45.0,0,7,2,1982.0,24,13,1,2,3.0,3,1,47568,51,0
34.0,1,2,1,5151.0,35,24,9,0,3.0,4,0,180285,85,0
25.0,1,1,2,2016.0,28,17,4,1,4.0,21,0,56448,19,0
44.0,0,6,0,1365.0,53,11,5,0,5.0,14,1,72345,12,0
38.0,1,3,2,1894.0,54,5,0,0,4.0,8,2,102276,46,0
29.0,1,4,2,2382.0,6,19,9,2,4.0,11,2,14292,52,1
49.0,0,1,1,3694.0,6,75,0,2,3.0,10,1,22164,64,0
34.0,1,2,2,2473.0,51,51,3,1,5.0,2,2,126123,48,0
26.0,0,0,1,3115.0,8,45,0,1,1.0,16,0,24920,72,1
36.0,0,0,1,4346.0,38,59,4,0,5.0,14,0,165148,61,0
48.0,1,5,2,2219.0,55,22,5,0,3.0,2,1,122045,54,0
27.0,1,5,1,5367.0,42,21,1,1,1.0,23,0,225414,35,1
47.0,1,6,2,2826.0,57,35,2,1,2.0,7,0,161082,26,1
57.0,0,5,0,1041.0,7,7,2,2,1.0,3,1,7287,25,0
54.0,0,0,1,5958.0,1,37,7,0,5.0,27,2,5958,73,1
18.0,1,0,1,3546.0,36,66,7,2,1.0,1,2,127656,46,1
31.0,1,3,1,3413.0,4,75,2,1,3.0,13,1,13652,60,1
30.0,0,1,2,2813.0,45,45,2,0,3.0,5,2,126585,16,0
19.0,0,2,1,4680.0,40,34,9,2,4.0,15,1,187200,60,0
19.0,1,7,0,973.0,2,13,7,2,4.0,1,0,1946,39,1
20.0,0,4,2,2284.0,8,78,7,0,3.0,21,2,21904,53,0
56.0,0,7,0,1412.0,1,30,4,0,5.0,20,2,1412,19,0
36.0,1,6,1,4304.0,57,31,0,0,3.0,9,1,245328,72,0
37.0,1,2,0,1381.0,32,14,1,0,4.0,13,2,44192,53,0
41.0,1,1,0,521.0,15,30,3,2,5.0,26,2,7815,87,0
25.0,0,2,1,4035.0,18,31,1,1,2.0,23,2,72630,75,1
58.0,0,2,1,4464.0,12,26,1,2,1.0,22,0,53568,88,1
25.0,0,1,1,5437.0,41,69,8,2,5.0,27,1,222917,11,0
18.0,1,6,1,3136.0,43,27,1,2,4.0,3,2,134848,82,0
32.0,1,5,2,1640.0,51,49,5,1,4.0,18,2,83640,37,0
34.0,1,2,0,970.0,58,29,0,2,4.0,26,1,56260,89,0
27.0,1,3,0,522.0,47,21,10,2,5.0,4,0,24534,33,0
41.0,0,5,0,1022.0,44,17,3,1,1.0,29,2,44968,73,1
38.0,0,4,2,2478.0,20,12,4,2,2.0,16,1,49560,48,1
56.0,0,2,1,4023.0,28,41,2,0,2.0,13,2,112644,71,0
58.0,1,4,0,709.0,13,13,3,1,2.0,15,2,9217,9,0
26.0,0,1,1,4482.0,38,54,7,1,1.0,3,0,170316,87,1
62.0,1,0,2,2284.0,45,9,7,0,4.0,17,2,74745,3,0
45.0,0,5,0,1439.0,6,21,7,1,1.0,3,1,8634,21,1
60.0,0,1,2,2836.0,35,49,5,1,2.0,20,2,99260,44,1
64.0,1,3,1,3557.0,53,13,4,2,2.0,21,2,188521,81,1
53.0,1,7,0,637.0,14,35,8,1,3.0,14,0,8918,17,0
29.0,1,6,1,3883.0,54,24,10,0,1.0,3,2,209682,60,1
43.0,1,7,1,3118.0,38,28,0,1,4.0,25,1,118484,76,0
44.0,0,7,1,4705.0,54,59,8,1,2.0,4,0,254070,6,1
24.0,1,0,0,1235.0,32,25,0,0,2.0,6,2,39520,57,0
29.0,0,4,0,1219.0,16,43,4,2,4.0,12,0,19504,7,0
53.0,1,5,2,1806.0,47,73,10,2,1.0,22,0,84882,89,1
25.0,1,5,1,4082.0,45,4,7,2,3.0,28,0,183690,29,1
51.0,0,5,1,5459.0,34,77,6,2,4.0,25,2,185606,4,0
43.0,0,5,0,892.0,40,5,7,2,4.0,17,1,35680,75,1
32.0,1,6,0,1039.0,32,22,8,1,1.0,26,1,33248,90,1
61.0,1,6,0,861.0,7,57,9,0,1.0,9,1,6027,45,0
36.0,0,1,2,1960.0,11,53,7,1,4.0,14,1,21560,28,0
28.0,1,4,1,4072.0,43,47,3,1,4.0,24,1,175096,47,0
48.0,0,2,1,3685.0,41,26,0,0,2.0,4,0,151085,84,1
58.0,1,0,2,1747.0,11,54,0,0,2.0,5,2,19217,27,0
51.0,1,2,0,1235.0,15,61,9,0,5.0,13,2,18525,69,0
23.0,1,6,0,1073.0,38,62,1,2,2.0,13,1,40774,13,0
48.0,1,7,0,502.0,30,6,7,0,4.0,12,0,15060,33,0
34.0,0,7,1,5378.0,48,77,1,0,3.0,30,2,258144,28,0
61.0,1,5,0,1180.0,6,16,3,0,3.0,27,1,7080,48,1
43.0,0,5,2,2855.0,57,11,4,0,1.0,17,2,162735,19,0
40.0,0,0,2,2369.0,55,26,5,2,4.0,11,2,130295,29,0
51.0,0,6,0,1118.0,17,43,4,0,2.0,1,1,19006,8,0
30.0,0,7,2,1507.0,42,65,10,2,1.0,26,1,63294,84,1
41.0,1,7,1,4877.0,50,44,8,1,5.0,9,0,243850,36,0
54.0,0,5,2,2679.0,28,42,10,1,5.0,23,0,75012,42,1
57.0,0,7,2,1955.0,2,48,10,0,5.0,26,0,3910,67,1
61.0,0,4,2,2696.0,13,10,3,2,1.0,21,2,35048,27,0
51.0,0,6,0,628.0,51,32,8,0,5.0,6,1,32028,67,0
37.0,1,1,1,3628.0,20,35,2,0,1.0,6,1,72560,90,0
31.0,1,3,1,3273.0,17,45,3,1,5.0,19,0,55641,53,1
44.0,1,3,2,1823.0,18,65,1,1,1.0,25,2,32814,26,1
62.0,1,2,1,4289.0,20,59,10,1,1.0,8,0,85780,5,1
18.0,1,6,2,2801.0,17,41,3,1,5.0,10,2,47617,56,0
38.0,0,6,0,1087.0,35,26,2,1,3.0,12,2,38045,60,0
24.0,0,3,0,826.0,47,26,7,0,5.0,20,2,38822,78,0
21.0,0,0,0,1373.0,23,15,1,0,4.0,12,2,31579,8,0
58.0,0,1,0,646.0,48,46,8,1,3.0,3,2,31008,15,0
52.0,1,7,0,1396.0,37,67,7,0,3.0,7,2,51652,63,0
53.0,0,4,2,2035.0,34,4,2,2,2.0,24,0,69190,49,1
40.0,0,5,2,2771.0,53,23,4,0,5.0,29,0,146863,41,0
23.0,1,0,1,4673.0,37,40,6,1,5.0,28,2,172901,84,1
20.0,1,2,2,1841.0,51,47,3,2,4.0,11,1,93891,38,0
53.0,0,3,1,4988.0,47,13,6,1,2.0,17,2,234436,30,1
54.0,1,2,2,2635.0,25,27,2,2,1.0,29,2,65875,47,1
53.0,0,2,1,5551.0,39,22,4,1,5.0,7,0,216489,16,0
48.0,1,6,2,2725.0,42,32,10,1,2.0,30,0,114450,9,1
34.0,0,3,0,979.0,11,10,5,2,1.0,16,0,10769,68,1
65.0,1,1,1,4134.0,52,25,10,2,5.0,4,0,214968,65,0
42.0,0,1,1,4104.0,51,66,7,1,3.0,5,2,209304,1,0
64.0,0,4,2,2901.0,23,39,8,0,1.0,1,0,66723,41,1
46.0,1,4,0,640.0,9,70,5,1,4.0,19,1,5760,3,0
34.0,1,2,2,2599.0,49,47,6,0,1.0,16,2,127351,67,1
43.0,0,4,0,599.0,15,32,3,0,2.0,16,1,8985,83,1
60.0,0,6,0,918.0,52,78,9,2,1.0,13,2,47736,34,0
21.0,0,5,0,814.0,24,29,2,0,1.0,0,2,19536,49,0
57.0,0,2,1,5240.0,19,69,10,2,5.0,15,0,99560,64,0
52.0,1,2,2,2284.0,19,80,10,1,3.0,9,1,42085,89,1
42.0,1,5,2,1951.0,31,44,6,2,2.0,23,0,60481,22,1
54.0,1,3,2,2018.0,8,78,7,2,3.0,17,1,16144,16,0
36.0,0,2,0,709.0,51,80,7,1,4.0,0,0,36159,12,0
28.0,0,6,1,3139.0,5,17,5,0,1.0,4,2,15695,57,1
45.0,0,2,0,568.0,14,59,0,1,2.0,15,1,7952,19,0
39.0,1,4,2,2973.0,5,47,6,1,4.0,0,1,14865,13,1
37.0,0,5,0,890.0,54,79,6,0,3.0,21,2,48060,20,0
46.0,1,1,1,5385.0,24,63,9,2,1.0,24,0,129240,8,1
43.0,1,0,2,1701.0,29,17,1,2,2.0,4,1,49329,28,0
58.0,1,2,0,581.0,5,41,0,2,3.0,16,1,2905,76,1
24.0,0,0,2,1886.0,59,10,1,1,1.0,2,1,111274,80,1
19.0,0,7,1,5633.0,60,38,5,0,2.0,10,1,337980,55,0
56.0,1,6,0,1168.0,27,20,10,1,1.0,21,1,31536,20,1
61.0,1,5,2,2095.0,19,66,4,0,2.0,21,1,39805,67,1
23.0,0,6,2,2806.0,15,10,8,2,1.0,15,2,42090,70,1
58.0,1,0,2,1599.0,59,59,1,0,5.0,3,2,94341,65,0
36.0,1,6,2,1765.0,26,53,10,1,3.0,15,1,45890,21,0
39.0,0,0,1,2284.0,36,30,8,0,5.0,27,2,129924,65,0
62.0,0,7,2,2530.0,4,49,8,2,4.0,18,1,10120,1,1
27.0,0,4,0,572.0,36,46,9,0,1.0,9,0,20592,27,1
52.0,1,3,1,4364.0,52,25,3,2,5.0,26,2,226928,73,0
44.0,1,6,2,2414.0,26,17,10,0,1.0,8,0,62764,42,1
37.0,0,6,0,1179.0,45,39,0,0,5.0,22,1,53055,52,0
64.0,1,0,1,5040.0,33,69,10,1,2.0,7,2,166320,75,1
20.0,0,5,0,660.0,58,75,1,2,2.0,17,2,38280,38,0
36.0,0,5,1,5366.0,36,77,7,0,3.0,9,2,193176,65,0
44.0,0,3,2,2190.0,46,73,5,0,3.0,24,2,100740,39,0
45.0,1,2,0,1193.0,33,37,8,0,2.0,23,2,39369,59,1
38.0,0,1,1,3444.0,2,58,10,0,3.0,27,0,6888,40,1
53.0,0,4,2,2775.0,50,37,1,1,2.0,30,0,138750,22,1
28.0,1,0,0,684.0,58,77,3,0,5.0,10,2,39672,54,0
41.0,1,6,2,2487.0,4,79,0,2,3.0,13,1,9948,38,0
18.0,1,4,0,537.0,38,29,4,2,1.0,9,0,20406,21,0
24.0,0,5,0,1120.0,3,47,3,1,3.0,2,2,3360,68,0
22.0,1,4,2,1695.0,1,12,10,2,2.0,22,1,1695,25,1
38.0,1,6,2,1551.0,58,25,6,2,5.0,3,0,89958,49,1
59.0,0,6,2,2306.0,58,80,0,1,1.0,20,1,133748,61,1
26.0,1,2,0,608.0,6,35,6,2,1.0,21,2,3648,5,1
59.0,1,1,1,5512.0,23,76,6,1,3.0,29,2,126776,57,1
39.0,1,1,2,2808.0,9,37,6,0,5.0,13,1,25272,23,0
62.0,0,7,2,2770.0,17,66,4,0,4.0,17,0,47090,22,0
50.0,1,5,2,2220.0,30,32,9,1,3.0,13,2,66600,10,0
64.0,1,6,1,3114.0,60,36,1,2,1.0,9,1,186840,28,0
28.0,1,7,0,1178.0,14,47,5,2,3.0,21,2,16492,15,0
45.0,1,2,1,5410.0,24,9,0,1,1.0,18,1,129840,67,1
27.0,0,7,2,1674.0,40,65,1,1,2.0,18,1,66960,13,1
18.0,0,4,1,3092.0,34,48,0,2,5.0,28,2,105128,29,0
56.0,0,2,2,2805.0,24,17,6,2,3.0,4,1,67320,26,0
20.0,1,0,1,4337.0,7,49,6,0,5.0,0,0,30359,62,0
34.0,1,4,0,1036.0,43,3,4,1,3.0,25,1,44548,16,0
42.0,1,1,2,2167.0,54,73,7,0,1.0,28,0,117018,86,1
33.0,0,5,1,5546.0,41,51,5,1,1.0,6,2,227386,78,1
46.0,0,5,0,1158.0,19,66,8,2,5.0,14,2,22002,3,0
28.0,1,1,2,2441.0,53,30,8,2,2.0,18,0,129373,48,1
19.0,1,4,2,2033.0,32,6,8,0,4.0,14,0,65056,57,0
62.0,0,3,2,2333.0,18,77,5,1,4.0,28,0,41994,67,1
36.0,0,6,2,1705.0,3,64,7,0,3.0,22,1,5115,62,1
21.0,0,6,2,2342.0,59,30,10,1,2.0,29,0,138178,49,1
26.0,1,7,2,2170.0,28,61,7,1,1.0,3,1,60760,8,1
26.0,1,0,0,813.0,58,45,6,2,2.0,19,2,47154,81,1
52.0,0,2,1,4234.0,37,64,10,1,4.0,8,1,156658,6,0
46.0,0,3,1,5448.0,58,16,6,2,3.0,20,2,315984,64,1
43.0,1,5,0,2284.0,36,62,9,0,4.0,9,2,35604,61,0
30.0,1,0,0,553.0,11,16,7,2,3.0,24,1,6083,40,0
62.0,0,2,2,1885.0,59,76,9,1,4.0,10,0,111215,79,1
33.0,1,4,1,5561.0,17,50,2,0,2.0,22,2,94537,18,0
49.0,0,1,1,3383.0,49,62,5,1,1.0,14,0,165767,67,1
55.0,1,3,1,5108.0,3,1,4,2,2.0,13,2,15324,13,0
44.0,0,1,2,2402.0,36,22,9,0,5.0,14,1,86472,79,0
21.0,0,0,1,4814.0,32,70,7,0,4.0,25,0,154048,84,1
29.0,1,5,0,1039.0,33,8,0,2,5.0,30,2,34287,22,0
23.0,1,1,0,1107.0,21,35,4,1,4.0,23,2,23247,46,0
65.0,0,7,1,4240.0,6,56,10,2,5.0,6,1,25440,77,1
55.0,1,0,1,5378.0,18,54,5,2,3.0,19,1,96804,12,0
60.0,0,2,1,4114.0,31,61,9,1,3.0,12,1,127534,35,0
48.0,0,4,2,2923.0,15,13,0,2,3.0,19,1,43845,75,0
38.0,1,2,1,3949.0,51,75,4,2,3.0,21,2,201399,38,0
48.0,0,2,1,3919.0,14,49,3,2,3.0,25,0,54866,3,0
33.0,0,7,2,2648.0,5,10,2,2,1.0,3,1,13240,61,1
46.0,0,4,1,5730.0,19,66,9,0,3.0,10,0,108870,25,0
37.0,0,4,1,5258.0,48,24,10,1,2.0,22,0,252384,28,1
22.0,1,6,0,1400.0,59,51,4,1,4.0,17,0,82600,4,0
59.0,0,6,0,1177.0,20,25,10,2,3.0,28,0,23540,18,1
44.0,1,0,0,1193.0,55,75,4,2,4.0,4,0,65615,87,0
58.0,0,0,0,1010.0,59,54,9,2,3.0,0,2,59590,64,0
24.0,1,3,2,1692.0,4,15,7,0,4.0,21,1,6768,86,1
64.0,1,5,1,3092.0,17,46,1,1,4.0,17,2,52564,33,0
60.0,1,3,0,1279.0,15,40,5,2,4.0,29,0,19185,38,0
20.0,1,7,1,3089.0,28,13,1,0,5.0,16,1,86492,66,0
53.0,1,3,1,4610.0,54,72,7,2,3.0,21,0,248940,20,1
25.0,0,1,2,1795.0,29,30,0,1,4.0,19,0,52055,55,1
33.0,0,2,1,3829.0,46,7,10,1,3.0,20,0,176134,87,1
41.0,0,4,2,2430.0,9,51,3,1,5.0,9,1,21870,81,0
64.0,1,1,0,1130.0,31,57,7,0,5.0,29,2,35030,20,0
56.0,1,1,2,2791.0,53,49,0,2,2.0,29,2,147923,29,0
36.0,1,1,2,2621.0,46,50,6,0,4.0,25,2,120566,34,0
37.0,0,7,0,857.0,50,10,3,1,5.0,19,0,42850,3,0
54.0,1,5,2,2083.0,57,40,7,2,3.0,13,1,118731,64,0
25.0,1,7,2,2361.0,29,56,9,0,4.0,16,0,68469,36,0
30.0,1,0,1,3035.0,32,26,5,1,4.0,30,2,97120,82,0
55.0,0,7,1,5837.0,24,2,6,0,3.0,27,2,140088,46,0
49.0,1,5,2,1691.0,5,10,7,0,3.0,11,0,8455,60,1
40.0,1,6,2,2588.0,17,57,6,1,2.0,20,0,43996,56,1
51.0,0,2,1,5837.0,9,13,8,1,2.0,18,1,52533,76,1
57.0,0,1,2,2922.0,17,15,6,0,5.0,16,1,49674,32,0
26.0,0,1,2,2159.0,40,77,8,1,3.0,11,0,86360,38,0
36.0,1,3,2,2850.0,60,48,1,1,4.0,26,0,171000,89,1
49.0,1,5,1,4932.0,40,6,2,2,5.0,24,2,197280,60,0
43.0,0,5,1,4630.0,14,54,3,2,4.0,6,0,64820,72,0
42.0,1,0,0,1171.0,13,59,5,2,4.0,20,0,15223,67,1
45.0,1,1,1,4260.0,3,80,5,2,5.0,5,1,12780,72,0
25.0,1,0,1,5053.0,57,78,2,2,2.0,2,2,288021,59,0
29.0,1,3,0,1326.0,49,31,4,1,4.0,24,1,64974,41,0
48.0,1,6,1,5809.0,21,22,3,0,5.0,12,0,121989,42,0
37.0,0,1,0,1216.0,52,54,3,1,1.0,0,2,63232,15,0
30.0,1,3,0,1419.0,17,58,7,2,2.0,26,1,24123,23,1
63.0,0,1,2,1814.0,8,59,6,1,5.0,16,2,14512,28,0
42.0,0,2,0,1386.0,16,2,5,2,2.0,30,1,22176,17,1
47.0,0,2,2,1512.0,39,13,10,0,5.0,29,2,58968,21,0
65.0,1,6,2,2348.0,55,40,2,0,4.0,14,1,129140,73,0
27.0,1,6,1,5526.0,44,53,6,1,4.0,29,1,243144,33,0
26.0,1,0,0,866.0,54,1,2,0,3.0,1,2,46764,80,0
26.0,1,7,1,4806.0,32,12,0,0,5.0,13,0,153792,57,0
25.0,1,3,0,1166.0,8,62,0,1,3.0,7,1,9328,42,0
28.0,0,5,0,1182.0,39,17,0,1,2.0,28,0,46098,85,1
38.0,0,7,2,2930.0,40,56,5,1,2.0,5,1,117200,37,0
62.0,0,0,0,1321.0,51,72,8,0,1.0,2,1,67371,11,0
41.0,1,3,0,648.0,49,66,7,1,3.0,6,2,31752,28,0
34.0,1,5,0,646.0,6,56,5,2,4.0,1,1,3876,38,0
54.0,0,4,0,743.0,51,68,5,0,2.0,16,1,37893,43,0
53.0,1,4,0,768.0,58,52,9,2,1.0,8,2,44544,60,1
63.0,0,7,2,2709.0,19,56,10,2,3.0,0,2,51471,42,0
35.0,0,7,1,5656.0,48,63,7,0,2.0,3,0,271488,38,1
61.0,1,3,2,1636.0,27,16,7,1,4.0,30,0,44172,88,1
31.0,0,3,2,2036.0,45,34,2,1,2.0,23,2,91620,73,1
43.0,0,0,0,1459.0,20,10,2,1,3.0,23,2,29180,5,0
20.0,1,5,2,2806.0,58,80,0,1,3.0,11,0,162748,53,0
61.0,0,2,0,1186.0,26,34,6,1,2.0,19,2,30836,12,1
40.0,0,4,2,1586.0,4,48,6,0,1.0,21,0,6344,89,1
19.0,1,1,1,3148.0,30,49,3,2,5.0,29,0,94440,38,0
32.0,1,5,1,3249.0,58,52,8,1,5.0,23,0,188442,5,1
23.0,0,0,2,2374.0,49,47,6,2,4.0,26,2,116326,18,0
38.0,0,4,2,2238.0,28,23,2,2,2.0,9,0,62664,89,1
25.0,1,7,0,702.0,55,61,4,0,2.0,12,0,38610,53,1
54.0,1,2,0,942.0,56,69,8,2,3.0,15,1,52752,2,0
18.0,0,5,0,1199.0,40,51,10,0,4.0,11,1,47960,76,0
56.0,1,6,2,2216.0,26,72,5,2,4.0,25,1,57616,73,0
56.0,1,2,0,1197.0,31,56,1,0,4.0,24,1,37107,76,0
18.0,1,7,2,1777.0,55,40,4,1,1.0,0,0,97735,63,1
59.0,1,4,2,2949.0,54,21,0,0,3.0,12,0,159246,80,0
25.0,0,0,0,1284.0,47,17,5,1,2.0,12,1,60348,17,0
55.0,0,7,0,995.0,17,78,5,2,3.0,13,0,16915,14,0
64.0,1,2,0,944.0,8,15,5,1,5.0,26,0,7552,13,0
48.0,1,7,2,2515.0,53,35,5,2,5.0,21,2,133295,58,0
40.0,1,0,0,1429.0,25,26,4,1,2.0,19,0,35725,6,1
23.0,1,6,0,947.0,59,18,3,1,1.0,24,1,55873,14,1
31.0,1,3,2,2402.0,13,44,6,1,3.0,30,0,31226,35,1
34.0,0,5,2,1621.0,35,48,7,1,5.0,28,1,56735,17,1
24.0,0,1,2,2573.0,43,65,2,1,4.0,12,0,110639,70,0
31.0,0,0,2,2379.0,37,79,3,1,3.0,15,0,88023,16,0
21.0,1,0,2,2357.0,45,28,1,2,3.0,21,2,106065,8,0
41.0,0,3,0,670.0,15,31,8,2,5.0,1,1,10050,8,0
24.0,1,5,0,1375.0,56,57,2,0,2.0,5,2,77000,18,0
22.0,1,3,2,2232.0,53,39,1,0,3.0,29,1,118296,45,0
40.0,0,6,2,1849.0,5,6,7,0,2.0,28,2,9245,4,1
46.0,0,5,2,1505.0,23,32,9,1,2.0,14,0,34615,40,1
49.0,0,7,0,1240.0,9,74,3,2,3.0,30,0,11160,67,1
59.0,0,4,1,3810.0,11,17,3,1,4.0,16,0,41910,41,0
36.0,1,7,1,5463.0,5,70,2,1,1.0,19,1,27315,22,1
65.0,1,7,1,3778.0,55,77,10,2,3.0,2,1,207790,9,1
29.0,1,1,0,769.0,23,18,0,0,3.0,8,1,17687,73,0
40.0,0,3,1,4106.0,10,47,4,0,4.0,22,1,41060,30,0
42.0,1,7,2,2760.0,28,25,9,0,2.0,24,1,77280,58,1
47.0,1,6,0,1138.0,55,41,8,1,3.0,19,0,62590,48,1
51.0,1,7,0,598.0,10,75,10,0,5.0,20,1,5980,86,1
62.0,1,4,1,5550.0,7,64,1,1,4.0,24,0,38850,42,0
35.0,0,1,2,2518.0,54,75,0,1,3.0,17,0,135972,59,1
43.0,1,1,0,761.0,16,57,10,0,2.0,11,1,12176,60,1
30.0,1,4,1,4781.0,4,2,9,0,3.0,26,1,19124,27,1
32.0,1,4,2,2786.0,8,63,6,2,4.0,11,0,22288,13,0
60.0,1,5,1,4086.0,17,36,4,2,5.0,25,2,69462,80,0
42.0,0,1,1,3629.0,28,47,4,0,2.0,6,2,101612,52,0
54.0,0,7,1,3194.0,29,15,3,0,4.0,18,0,92626,77,0
59.0,0,0,1,3063.0,21,37,10,0,4.0,28,1,64323,20,0
42.0,1,1,1,3830.0,6,36,1,1,2.0,4,2,22980,54,1
53.0,0,3,0,544.0,30,19,6,0,2.0,12,1,16320,43,0
46.0,1,2,2,2033.0,36,52,3,1,4.0,8,1,73188,19,0
55.0,1,7,2,2639.0,6,79,8,2,4.0,8,0,15834,32,1
21.0,1,4,2,2415.0,50,75,4,1,2.0,3,1,120750,44,0
51.0,1,7,1,4833.0,13,9,9,1,4.0,18,1,62829,31,0
52.0,0,2,1,4876.0,57,61,2,1,5.0,1,0,277932,59,0
27.0,0,6,1,5241.0,2,60,7,2,1.0,15,0,10482,16,1
63.0,0,6,2,1744.0,39,31,10,2,1.0,10,2,68016,85,1
21.0,0,2,2,2933.0,7,50,0,0,1.0,10,2,20531,65,0
64.0,1,1,2,2704.0,28,71,1,1,2.0,23,0,75712,4,1
61.0,0,3,2,1909.0,19,75,7,2,2.0,10,0,36271,75,1
62.0,1,4,0,511.0,3,67,9,2,3.0,16,0,1533,54,1
19.0,1,2,2,2155.0,49,2,5,0,4.0,5,2,105595,28,0
42.0,0,3,2,2904.0,32,10,9,0,1.0,12,0,92928,42,1
64.0,0,1,0,745.0,37,80,5,1,1.0,19,1,27565,27,1
58.0,1,7,2,1661.0,16,32,9,0,1.0,1,2,26576,12,0
57.0,0,0,2,2087.0,9,73,9,1,1.0,1,0,18783,48,1
37.0,1,5,1,3059.0,39,66,0,0,3.0,27,1,119301,36,0
41.0,1,3,2,2422.0,54,2,8,1,2.0,28,1,130788,15,1
29.0,1,0,1,5172.0,37,24,4,0,2.0,13,2,191364,78,0
54.0,0,7,0,1227.0,18,14,1,1,3.0,11,0,22086,22,1
23.0,1,0,0,1184.0,36,36,5,2,5.0,3,0,42624,56,0
42.0,0,5,2,2440.0,32,36,3,2,2.0,5,2,78080,67,0
40.0,0,2,1,3122.0,32,16,10,0,5.0,3,1,99904,21,0
57.0,1,4,2,2985.0,51,78,5,2,4.0,15,0,152235,81,0
62.0,0,3,2,2665.0,23,61,6,2,4.0,16,1,61295,41,0
64.0,0,7,2,2109.0,44,5,10,0,4.0,22,0,92796,78,1
32.0,1,2,0,2284.0,43,31,2,0,1.0,27,1,58652,83,1
63.0,0,7,1,5237.0,54,32,7,1,5.0,26,1,282798,84,1
52.0,0,6,1,3325.0,5,25,5,1,2.0,12,1,16625,69,1
44.0,0,2,2,1571.0,25,1,3,0,4.0,22,0,39275,75,0
56.0,1,2,2,2065.0,47,75,5,1,2.0,15,0,97055,20,1
63.0,1,7,0,692.0,3,58,4,1,1.0,16,1,2076,66,1
46.0,1,5,0,825.0,20,8,2,0,1.0,2,0,16500,60,1
52.0,0,4,1,4498.0,5,76,3,1,5.0,19,0,22490,73,1
56.0,0,5,1,3242.0,4,19,5,2,3.0,12,1,12968,43,0
30.0,0,3,1,5235.0,13,57,5,0,4.0,19,2,68055,53,0
62.0,0,2,2,2566.0,22,72,3,1,2.0,25,0,56452,26,1
40.0,1,2,1,3923.0,43,9,3,1,3.0,15,1,168689,39,0
29.0,0,5,2,1938.0,15,78,10,2,2.0,9,2,29070,27,0
28.0,0,6,0,1109.0,38,43,2,1,4.0,5,1,42142,42,0
45.0,0,1,1,4255.0,1,72,10,0,4.0,21,2,4255,47,1
24.0,0,3,2,1858.0,11,61,3,2,1.0,11,2,20438,26,0
55.0,1,3,1,5699.0,46,43,2,2,5.0,4,1,262154,46,0
41.0,0,3,2,2792.0,16,54,8,2,4.0,21,1,44672,4,0
28.0,0,6,1,5352.0,32,7,9,0,3.0,27,0,171264,54,1
58.0,1,1,2,1928.0,23,23,1,0,4.0,10,1,44344,57,0
43.0,0,0,1,4077.0,25,29,2,2,1.0,3,2,101925,14,0
31.0,1,7,2,2297.0,35,17,2,1,4.0,28,1,80395,45,0
32.0,0,4,0,716.0,46,51,5,0,2.0,26,0,32936,47,1
55.0,1,0,1,5264.0,23,7,5,0,1.0,17,1,121072,41,0
27.0,1,3,0,940.0,10,7,1,1,3.0,19,0,9400,33,0
18.0,1,7,0,1448.0,44,60,1,2,4.0,16,0,63712,4,0
60.0,0,7,2,2229.0,54,4,0,2,2.0,8,1,120366,61,1
52.0,0,2,1,3919.0,8,36,1,1,4.0,26,0,31352,43,0
44.0,0,6,1,4869.0,32,18,2,2,3.0,26,0,155808,31,0
21.0,0,4,2,1803.0,37,46,9,1,1.0,3,1,66711,30,1
47.0,1,0,0,702.0,22,66,3,2,2.0,25,0,15444,53,1
24.0,1,7,0,882.0,1,58,9,0,2.0,12,0,882,6,1
23.0,1,0,1,4735.0,44,24,5,2,3.0,4,2,208340,18,0
48.0,1,3,2,1532.0,37,74,4,1,3.0,21,2,56684,27,0
42.0,1,3,0,745.0,9,21,6,2,5.0,0,2,6705,62,0
32.0,0,0,2,1671.0,2,54,1,2,3.0,6,1,3342,43,0
35.0,0,0,0,921.0,44,37,9,2,1.0,11,1,40524,59,1
48.0,0,2,0,1022.0,58,68,10,0,2.0,3,2,59276,88,1
39.0,0,0,2,2695.0,2,6,9,0,1.0,22,0,5390,57,1
38.0,0,2,2,1643.0,55,14,6,2,3.0,27,2,90365,51,1
26.0,0,0,2,1928.0,58,22,4,0,5.0,9,2,111824,53,0
49.0,0,7,0,829.0,59,39,9,0,5.0,26,0,48911,3,0
36.0,1,5,1,5395.0,10,29,2,2,4.0,14,2,53950,38,0
30.0,1,3,1,3903.0,29,8,6,2,2.0,19,1,113187,47,1
21.0,0,5,2,2096.0,51,67,7,2,5.0,2,2,106896,9,0
31.0,1,7,2,2516.0,13,71,6,0,2.0,8,2,32708,22,0
41.0,1,6,1,5020.0,49,44,0,2,2.0,10,2,245980,80,0
63.0,0,1,1,5999.0,8,50,8,0,1.0,27,0,47992,26,1
63.0,0,2,2,2436.0,48,36,8,1,3.0,5,2,116928,69,0
60.0,0,1,1,4553.0,25,62,10,2,4.0,17,2,113825,59,0
45.0,1,7,2,2579.0,51,27,8,1,4.0,27,2,131529,68,1
63.0,0,5,2,2493.0,57,67,9,2,5.0,12,1,142101,69,0
42.0,0,6,0,617.0,20,66,9,2,5.0,17,0,12340,47,1
29.0,1,6,0,1472.0,47,55,10,0,3.0,2,0,69184,53,0
43.0,0,0,2,2537.0,46,45,7,1,1.0,0,0,116702,51,1
60.0,1,7,2,2225.0,55,23,7,2,3.0,17,2,122375,76,1
45.0,0,1,2,2198.0,28,33,2,0,4.0,26,0,61544,52,0
54.0,1,6,2,1626.0,26,40,5,0,3.0,29,0,42276,87,0
39.0,0,3,0,1039.0,16,35,7,2,4.0,22,1,16624,86,1
38.0,1,1,1,4767.0,26,25,8,1,1.0,5,1,123942,23,1
40.0,1,1,1,3918.0,43,30,10,2,2.0,22,2,168474,79,1
50.0,0,5,2,1812.0,21,23,10,2,5.0,11,1,38052,82,0
41.0,1,3,1,4326.0,51,40,2,1,2.0,6,2,220626,50,1
65.0,0,3,2,1846.0,20,6,10,0,1.0,20,0,36920,57,1
48.0,1,3,1,3295.0,21,45,0,0,4.0,4,0,69195,17,0
45.0,1,4,2,1557.0,41,41,5,1,3.0,24,0,63837,38,0
23.0,0,0,0,574.0,45,14,1,1,3.0,22,0,25830,24,0
36.0,0,0,2,2764.0,18,35,0,0,4.0,24,2,49752,45,0
60.0,0,5,1,3344.0,34,16,1,1,5.0,18,1,113696,23,0
36.0,0,4,0,1027.0,25,54,2,1,1.0,0,1,25675,42,0
36.0,1,7,0,1429.0,33,80,7,0,2.0,1,0,47157,89,1
62.0,1,3,1,5068.0,6,70,8,0,3.0,6,0,30408,31,0
59.0,1,4,1,5589.0,10,18,7,0,4.0,28,0,55890,73,1
48.0,0,0,1,3515.0,15,63,7,0,1.0,12,0,52725,9,1
43.0,1,2,1,3271.0,4,15,2,1,1.0,19,0,13084,69,1
22.0,1,5,2,1578.0,20,18,1,2,5.0,12,0,31560,4,0
59.0,0,6,1,4118.0,45,8,2,1,1.0,29,0,185310,11,1
52.0,1,0,2,2821.0,37,13,3,0,5.0,11,0,104377,37,0
27.0,0,1,2,1572.0,60,52,6,1,2.0,21,2,94320,56,1
40.0,1,0,0,1307.0,39,64,6,1,5.0,22,1,50973,29,1
31.0,1,7,2,1678.0,26,69,6,0,1.0,30,0,43628,50,1
37.0,0,5,2,2706.0,44,2,8,1,5.0,25,0,119064,70,1
20.0,0,7,1,3593.0,58,75,5,2,4.0,4,1,208394,83,0
39.0,1,3,0,1455.0,59,62,7,0,1.0,3,0,85845,15,1
42.0,1,6,0,1450.0,44,35,6,1,1.0,18,2,63800,7,1
42.0,1,2,2,1804.0,19,16,5,0,3.0,7,0,34276,82,0
45.0,0,0,2,2094.0,16,42,0,2,5.0,12,0,33504,7,0
44.0,1,1,0,1045.0,10,36,8,2,2.0,22,1,10450,6,1
46.0,0,5,1,4462.0,25,46,7,1,3.0,25,0,111550,28,1
20.0,1,3,0,665.0,11,61,2,0,2.0,15,2,7315,21,0
56.0,1,4,2,2326.0,30,72,2,2,4.0,15,2,69780,86,0
24.0,0,2,2,2168.0,9,63,7,2,4.0,2,0,19512,3,0
62.0,1,5,2,1782.0,40,1,10,2,4.0,22,1,71280,41,0
28.0,0,6,2,2284.0,42,63,3,0,5.0,8,0,91938,59,0
34.0,1,1,1,4412.0,35,48,2,0,4.0,14,0,154420,62,0
52.0,1,2,2,2793.0,52,63,0,0,4.0,23,1,145236,23,0
42.0,0,1,1,3717.0,50,79,5,2,3.0,14,1,185850,50,0
53.0,1,1,2,1886.0,55,62,8,2,2.0,23,0,103730,61,1
49.0,0,6,0,1383.0,30,13,0,1,2.0,29,1,41490,79,1
61.0,0,3,1,3888.0,14,71,6,0,5.0,24,2,54432,38,0
31.0,1,4,1,5357.0,8,2,0,0,5.0,13,2,42856,89,0
47.0,1,5,1,3339.0,29,61,4,0,3.0,4,0,96831,16,0
60.0,0,4,1,3847.0,17,58,6,0,2.0,3,2,65399,85,1
56.0,0,1,1,3861.0,34,6,0,0,1.0,4,0,131274,69,1
37.0,1,1,1,5866.0,16,37,7,2,1.0,4,1,93856,42,1
19.0,1,2,2,2111.0,9,64,5,2,2.0,22,0,18999,29,1
55.0,0,0,0,1377.0,59,18,6,0,1.0,30,0,81243,1,1
41.0,0,5,0,759.0,4,27,10,1,3.0,0,1,3036,28,1
59.0,0,6,0,938.0,41,60,5,2,2.0,22,1,38458,88,1
30.0,0,2,2,2541.0,56,54,0,0,5.0,10,2,142296,39,0
59.0,1,2,2,2602.0,17,18,6,2,3.0,29,0,44234,58,1
21.0,1,2,1,5118.0,3,18,9,0,2.0,0,2,15354,68,1
63.0,0,7,1,3051.0,49,29,4,0,2.0,13,1,149499,9,0
64.0,0,4,0,797.0,12,51,7,1,3.0,5,1,9564,20,0
41.0,0,6,1,3839.0,27,65,5,0,1.0,16,1,103653,24,0
64.0,0,2,0,582.0,7,63,8,0,4.0,2,0,4074,62,0
47.0,1,4,2,1958.0,29,29,2,0,1.0,9,1,56782,65,0
42.0,0,2,0,611.0,30,18,6,1,2.0,16,1,18330,38,1
31.0,1,5,0,1484.0,23,79,7,2,3.0,23,2,34132,19,0
61.0,1,7,0,1302.0,34,1,3,2,5.0,28,0,44268,70,1
54.0,0,7,1,3178.0,1,1,10,2,5.0,20,0,3178,16,1
61.0,0,3,1,3060.0,59,54,7,0,3.0,15,2,180540,65,1
53.0,1,6,2,1670.0,10,17,8,0,3.0,22,2,16700,7,0
61.0,1,6,0,826.0,53,79,1,0,5.0,3,2,43778,78,0
31.0,1,5,1,3326.0,16,19,1,2,2.0,17,2,53216,81,1
54.0,1,1,1,4861.0,12,22,8,1,4.0,0,0,58332,54,1
42.0,0,4,1,4221.0,53,18,5,2,5.0,0,1,223713,23,0
40.0,1,0,2,1960.0,26,7,10,2,2.0,0,1,50960,79,1
53.0,0,1,0,1066.0,45,64,10,2,1.0,4,2,47970,61,1
19.0,0,4,1,4913.0,55,80,6,0,5.0,25,2,270215,35,0
32.0,1,7,0,1354.0,3,29,1,0,1.0,8,2,4062,41,0
42.0,0,4,1,5562.0,7,58,1,1,3.0,6,2,38934,1,0
31.0,1,4,1,4759.0,52,6,6,1,2.0,6,1,247468,90,1
51.0,0,5,1,4763.0,30,21,0,0,1.0,9,2,142890,63,0
64.0,0,5,0,1318.0,42,64,7,0,1.0,14,0,55356,62,1
44.0,1,5,0,1220.0,28,64,10,1,2.0,25,2,34160,2,1
53.0,1,7,2,2722.0,50,13,8,1,4.0,21,1,136100,63,1
43.0,0,1,0,1214.0,33,74,8,0,5.0,15,1,40062,43,0
55.0,1,3,2,1928.0,41,40,7,2,1.0,16,0,79048,88,1
54.0,1,5,0,629.0,57,62,7,0,1.0,3,2,35853,81,1
34.0,0,3,2,2317.0,53,40,9,2,3.0,20,1,122801,21,0
35.0,0,3,0,1424.0,55,24,9,0,5.0,16,1,78320,18,0
59.0,1,6,0,1223.0,48,45,1,0,1.0,8,2,58704,14,0
46.0,0,7,1,5179.0,31,20,7,1,3.0,11,1,160549,9,0
30.0,0,1,1,3154.0,15,15,4,1,3.0,25,0,47310,52,1
43.0,1,2,2,2677.0,25,26,0,1,2.0,20,1,66925,3,1
19.0,0,0,0,1309.0,33,19,0,1,4.0,0,2,43197,76,0
20.0,0,3,2,2572.0,43,55,9,2,3.0,7,2,110596,52,0
53.0,1,3,0,1129.0,53,7,3,2,3.0,21,2,59837,62,0
18.0,1,0,2,2789.0,49,80,9,0,5.0,6,2,136661,6,0
33.0,0,2,1,2284.0,20,71,8,2,3.0,25,2,87180,90,1
31.0,1,1,1,3537.0,7,45,3,1,3.0,19,2,24759,68,0
43.0,1,5,1,4537.0,11,14,0,0,4.0,25,1,49907,44,0
50.0,1,4,0,1089.0,13,26,4,1,4.0,15,2,14157,40,0
19.0,0,4,2,2980.0,42,79,6,2,1.0,29,0,125160,48,1
19.0,0,3,0,775.0,20,59,2,0,4.0,7,1,15500,66,0
53.0,0,7,1,5831.0,14,34,5,0,5.0,3,2,81634,22,0
35.0,1,3,1,3179.0,12,51,7,2,3.0,5,1,38148,84,0
44.0,1,5,2,2118.0,53,48,6,0,3.0,4,2,112254,11,0
32.0,0,3,1,3377.0,3,69,6,2,5.0,4,2,10131,9,0
32.0,0,6,0,592.0,3,70,0,2,2.0,20,2,1776,72,1
38.0,1,4,1,3421.0,57,72,9,1,5.0,2,0,194997,14,0
31.0,1,3,1,4829.0,10,34,8,1,2.0,25,0,48290,17,1
34.0,1,5,0,1457.0,3,1,6,1,4.0,9,2,4371,13,0
51.0,0,2,1,4108.0,42,4,1,0,5.0,18,0,172536,2,0
29.0,1,6,1,3329.0,17,6,7,2,5.0,18,0,56593,11,0
29.0,1,2,0,501.0,9,8,9,1,3.0,27,1,4509,53,1
53.0,1,7,2,1968.0,10,8,3,2,5.0,9,1,19680,76,0
31.0,0,5,2,2961.0,48,21,1,2,4.0,23,0,142128,87,1
24.0,0,2,1,4152.0,9,26,5,1,5.0,11,2,37368,86,0
61.0,1,3,1,4469.0,10,6,0,1,3.0,17,1,44690,38,0
41.0,1,0,1,5313.0,51,72,4,2,5.0,24,2,270963,39,0
41.0,1,0,2,2966.0,33,18,7,2,4.0,24,1,97878,76,1
65.0,1,6,0,2284.0,42,74,8,0,4.0,9,0,32844,32,0
59.0,1,5,1,3024.0,26,75,6,2,2.0,24,2,78624,52,1
57.0,1,0,1,3476.0,23,31,6,0,1.0,20,2,79948,2,1
35.0,0,3,1,5976.0,47,35,2,0,2.0,28,0,280872,18,1
63.0,1,3,0,1083.0,24,30,4,0,2.0,22,2,25992,52,1
28.0,0,2,2,2709.0,2,36,0,1,5.0,7,2,5418,89,0
21.0,0,7,2,2414.0,42,19,9,0,3.0,21,2,101388,80,0
18.0,1,1,0,1291.0,12,34,4,1,1.0,7,2,15492,18,0
65.0,0,7,0,909.0,5,30,5,1,5.0,18,2,4545,29,0
20.0,1,6,1,5663.0,26,58,9,0,4.0,1,0,147238,75,0
61.0,0,2,2,2093.0,28,77,4,1,4.0,1,0,58604,7,0
43.0,0,4,2,2611.0,26,76,6,1,4.0,8,2,67886,32,0
32.0,1,2,2,2920.0,37,5,10,0,2.0,19,0,108040,77,1
58.0,1,4,2,1865.0,53,50,9,2,4.0,2,1,98845,15,0
65.0,0,1,1,4876.0,36,70,0,0,4.0,10,1,175536,26,0
54.0,0,5,0,720.0,23,40,6,1,3.0,15,1,16560,61,1
21.0,1,7,1,5383.0,40,31,4,0,2.0,24,2,215320,44,0
29.0,0,0,2,1856.0,26,9,4,1,4.0,21,2,48256,28,0
52.0,0,6,2,1981.0,5,77,6,2,2.0,12,1,9905,58,1
31.0,0,6,1,4065.0,11,38,3,1,5.0,0,0,44715,71,0
58.0,1,0,0,600.0,8,51,9,0,3.0,24,0,4800,15,0
55.0,0,2,1,4796.0,15,54,2,1,2.0,11,0,71940,4,1
48.0,1,5,1,3847.0,18,36,8,1,4.0,1,0,69246,36,0
54.0,0,6,1,3572.0,3,53,1,1,3.0,2,1,10716,63,1
51.0,0,7,1,4997.0,41,4,8,0,5.0,17,1,204877,79,0
45.0,1,6,1,5635.0,42,69,1,0,2.0,0,0,236670,39,0
49.0,0,4,1,5415.0,26,35,9,1,2.0,16,2,140790,62,1
55.0,1,1,1,4173.0,23,4,0,1,3.0,8,1,95979,68,0
24.0,1,1,1,3897.0,23,49,7,0,3.0,10,2,89631,55,0
41.0,1,6,2,1879.0,49,80,8,1,5.0,14,0,92071,27,0
21.0,0,7,0,1459.0,16,30,3,2,3.0,21,1,23344,86,0
29.0,1,3,1,4492.0,55,56,3,1,4.0,30,2,247060,58,0
40.0,0,5,2,2607.0,54,79,6,2,4.0,15,0,140778,37,0
38.0,1,4,0,644.0,15,37,2,0,5.0,17,2,9660,78,0
53.0,0,0,1,4491.0,36,52,2,0,5.0,11,2,161676,7,0
61.0,1,5,1,3579.0,53,34,1,2,5.0,22,1,189687,10,0
49.0,1,0,2,2820.0,42,77,6,1,5.0,25,2,118440,10,0
27.0,0,4,2,2967.0,38,51,4,2,1.0,27,1,112746,78,1
38.0,1,1,2,1548.0,30,9,0,1,5.0,25,0,46440,57,1
48.0,1,0,0,944.0,52,40,5,1,3.0,30,0,49088,19,0
53.0,1,4,1,4869.0,50,62,10,0,1.0,3,0,243450,10,1
48.0,1,5,2,2396.0,6,71,9,0,3.0,20,0,14376,80,1
63.0,0,6,2,2895.0,23,20,5,1,1.0,27,2,66585,5,1
38.0,1,5,0,1442.0,18,70,8,1,5.0,18,0,25956,65,1
62.0,1,1,0,925.0,3,21,2,0,1.0,7,2,2775,67,1
42.0,1,1,0,1497.0,45,55,3,1,4.0,11,1,67365,85,0
65.0,1,5,1,4221.0,23,77,0,0,3.0,16,2,97083,66,1
36.0,1,0,0,1003.0,19,7,5,1,2.0,9,1,19057,59,1
37.0,0,6,0,516.0,9,27,1,1,4.0,18,1,4644,17,0
22.0,1,1,1,4489.0,39,71,0,0,3.0,7,2,175071,45,0
21.0,0,1,1,3203.0,38,68,7,0,5.0,8,1,121714,68,0
41.0,0,2,0,1336.0,14,18,9,2,1.0,18,1,18704,12,1
35.0,1,2,0,1297.0,17,75,2,1,3.0,0,2,22049,79,1
42.0,0,1,1,5318.0,60,28,7,1,4.0,28,0,319080,35,1
39.0,0,3,1,4388.0,27,76,3,0,1.0,20,0,118476,49,1
62.0,1,6,1,4545.0,1,47,10,1,3.0,29,2,4545,86,1
35.0,1,5,1,4755.0,48,18,10,2,1.0,28,1,228240,82,1
61.0,1,5,0,1321.0,8,34,6,2,4.0,17,1,10568,38,0
26.0,0,2,2,2212.0,59,72,2,1,3.0,17,1,130508,5,0
31.0,0,7,0,657.0,28,4,6,2,4.0,24,2,18396,28,0
29.0,0,0,0,734.0,2,78,5,1,4.0,28,2,1468,38,0
21.0,1,2,1,3087.0,15,1,6,1,1.0,30,1,46305,12,1
59.0,1,4,2,1677.0,5,42,5,2,4.0,11,0,8385,18,0
19.0,1,5,1,5510.0,10,17,3,0,1.0,30,1,55100,34,0
23.0,0,5,1,3044.0,50,58,2,2,2.0,11,2,152200,15,0
31.0,0,5,0,1189.0,6,32,2,2,3.0,21,2,7134,86,1
27.0,0,1,2,2008.0,51,76,0,0,5.0,23,2,102408,66,0
21.0,0,0,2,2754.0,10,17,3,0,3.0,4,1,27540,74,0
26.0,0,1,1,3716.0,27,21,7,1,4.0,23,2,100332,59,1
52.0,1,6,1,5371.0,3,40,5,1,3.0,30,0,16113,56,1
61.0,1,5,2,2819.0,25,77,3,0,5.0,26,2,70475,6,0
34.0,1,1,2,2284.0,36,2,8,0,5.0,19,0,99504,66,1
45.0,1,1,2,1973.0,43,22,10,0,3.0,2,1,84839,60,0
29.0,1,2,2,1583.0,24,39,8,1,1.0,20,1,37992,12,1
30.0,1,3,1,3969.0,56,57,7,2,5.0,2,1,222264,3,0
22.0,0,3,0,1022.0,26,71,4,0,2.0,9,1,26572,34,0
42.0,0,3,0,1042.0,8,75,6,0,5.0,1,2,8336,70,0
58.0,0,7,0,1031.0,32,57,1,0,2.0,15,2,32992,25,0
29.0,1,1,1,4574.0,7,17,10,1,5.0,22,1,32018,70,1
55.0,1,3,0,713.0,2,79,0,1,5.0,7,1,1426,37,0
50.0,0,4,1,4649.0,22,5,6,2,2.0,5,1,102278,37,1
47.0,1,3,1,3478.0,51,64,9,0,2.0,26,0,177378,48,1
61.0,1,0,1,3086.0,18,16,5,0,3.0,1,2,55548,28,0
19.0,0,4,2,2180.0,30,80,10,1,5.0,22,2,65400,53,1
56.0,1,6,2,2159.0,45,24,10,0,2.0,12,0,97155,27,1
43.0,0,1,2,2949.0,7,47,4,0,3.0,5,0,20643,69,0
40.0,1,0,2,2237.0,28,53,9,1,3.0,8,2,62636,64,0
46.0,0,0,1,3636.0,54,51,6,2,4.0,29,1,196344,3,0
46.0,0,7,2,1596.0,52,58,10,2,3.0,0,2,82992,21,0
56.0,0,3,2,2625.0,31,46,1,1,3.0,3,1,81375,75,0
64.0,1,5,1,5170.0,18,65,2,1,3.0,30,2,93060,28,0
56.0,1,4,2,1780.0,1,43,5,2,4.0,2,2,1780,63,0
19.0,1,0,0,625.0,18,64,9,2,5.0,8,0,11250,2,0
51.0,0,4,0,729.0,60,61,9,0,2.0,11,0,43740,36,1
38.0,0,4,2,2337.0,49,49,2,1,2.0,4,2,114513,90,1
38.0,0,1,1,5302.0,45,26,7,0,5.0,29,0,238590,15,0
33.0,0,7,0,1155.0,1,37,2,0,4.0,14,0,1155,13,0
33.0,0,7,0,1246.0,55,21,1,1,3.0,5,0,68530,90,0
55.0,0,1,0,716.0,46,11,7,1,1.0,20,0,32936,71,1
42.0,0,3,1,3199.0,21,63,4,1,4.0,7,1,67179,58,0
63.0,0,4,2,2772.0,31,9,9,0,2.0,28,1,85932,80,1
53.0,0,1,1,5933.0,20,37,5,2,1.0,7,1,118660,80,1
55.0,1,1,0,931.0,28,38,4,0,1.0,24,1,26068,73,1
44.0,0,3,1,4996.0,24,29,2,2,1.0,10,1,119904,72,1
40.0,1,6,0,888.0,29,42,6,0,2.0,3,2,25752,27,0
63.0,0,4,1,5584.0,2,73,4,1,3.0,0,0,11168,87,1
27.0,1,5,1,3947.0,42,25,5,1,5.0,2,1,165774,6,0
23.0,0,0,0,1077.0,53,58,9,0,2.0,22,1,57081,2,1
29.0,1,0,2,2304.0,22,20,6,0,4.0,0,1,50688,65,0
34.0,0,1,2,1616.0,59,3,6,2,3.0,23,0,95344,86,1
61.0,0,4,2,2344.0,45,65,7,2,2.0,2,1,105480,24,1
45.0,0,1,1,5063.0,36,59,0,1,3.0,21,2,182268,79,0
33.0,1,2,1,5808.0,15,11,0,2,2.0,18,0,87120,68,1
60.0,0,5,0,982.0,5,13,9,1,3.0,17,2,4910,41,1
59.0,1,6,0,714.0,50,71,10,1,3.0,11,1,35700,7,0
43.0,0,1,1,4892.0,33,48,1,0,1.0,30,2,161436,71,1
49.0,0,6,2,1775.0,4,36,0,2,4.0,23,2,7100,35,0
65.0,1,5,0,809.0,30,36,8,0,1.0,15,0,24270,58,1
36.0,1,7,2,2848.0,1,51,5,2,3.0,12,2,2848,53,0
53.0,1,6,1,5115.0,36,36,3,2,5.0,17,1,184140,50,0
33.0,0,4,1,3913.0,41,22,1,0,5.0,3,1,160433,44,0
56.0,0,3,2,1538.0,47,29,5,1,2.0,20,1,72286,17,1
33.0,1,1,2,2170.0,60,73,0,2,5.0,1,1,130200,48,0
63.0,0,6,0,558.0,14,58,6,2,2.0,14,2,7812,51,1
37.0,0,6,1,3754.0,2,41,2,1,3.0,4,0,7508,82,1
33.0,0,5,1,3139.0,4,29,6,0,4.0,2,2,12556,5,0
34.0,0,2,0,605.0,58,32,9,1,3.0,16,1,35090,69,1
62.0,1,4,2,2956.0,42,33,3,0,4.0,17,1,124152,9,0
46.0,0,5,2,1961.0,50,25,5,2,2.0,28,1,98050,79,1
46.0,0,5,0,581.0,4,57,0,1,4.0,6,0,2324,80,1
28.0,1,7,1,4922.0,14,62,9,2,5.0,9,2,68908,82,0
37.0,1,7,0,611.0,58,57,5,2,5.0,3,0,35438,78,0
50.0,1,2,2,2575.0,28,37,7,0,4.0,1,0,72100,5,0
22.0,1,5,1,3556.0,31,9,9,1,1.0,29,0,110236,67,1
47.0,0,1,0,703.0,50,29,2,0,2.0,24,1,35150,30,0
26.0,0,7,0,885.0,26,62,2,0,4.0,24,1,23010,51,0
30.0,0,1,0,799.0,39,35,6,0,1.0,1,0,31161,61,1
58.0,1,3,1,5623.0,44,31,1,2,2.0,12,1,247412,69,1
59.0,0,6,1,4353.0,44,56,10,2,1.0,1,2,191532,30,0
24.0,0,1,1,3885.0,6,55,2,0,5.0,2,0,23310,26,0
41.0,0,5,1,4221.0,53,43,9,0,1.0,9,2,223713,76,1
53.0,0,4,2,2022.0,2,18,4,0,4.0,7,0,4044,52,0
63.0,1,6,2,1777.0,44,53,10,2,2.0,10,1,78188,30,1
25.0,0,1,2,2324.0,34,73,2,1,4.0,7,0,79016,25,0
36.0,1,4,2,2342.0,5,79,7,2,3.0,22,2,11710,27,1
57.0,1,6,2,1525.0,32,27,2,2,2.0,9,0,48800,29,0
42.0,0,0,1,3168.0,60,33,2,1,5.0,18,0,190080,16,0
40.0,0,7,2,2023.0,7,72,4,0,2.0,27,1,14161,69,1
43.0,0,7,0,1033.0,5,79,0,0,3.0,22,2,5165,18,0
47.0,0,5,0,643.0,26,77,6,2,1.0,25,0,16718,48,1
18.0,0,7,1,5469.0,49,2,0,0,2.0,5,2,267981,88,0
35.0,0,0,1,4448.0,27,72,9,0,1.0,22,2,120096,62,1
46.0,0,5,0,569.0,58,78,5,1,2.0,6,0,33002,12,1
52.0,1,0,0,777.0,14,51,6,0,2.0,24,1,10878,13,1
38.0,0,0,1,4417.0,41,55,10,0,1.0,14,1,181097,52,1
19.0,1,4,0,1280.0,25,51,9,1,2.0,2,0,32000,3,1
59.0,1,1,0,942.0,56,70,6,2,1.0,18,1,52752,67,1
35.0,1,6,1,3328.0,39,76,4,1,3.0,10,0,129792,68,0
22.0,1,1,0,590.0,1,63,1,2,4.0,12,0,590,41,0
19.0,0,5,2,2696.0,37,80,7,2,3.0,21,1,99752,11,0
63.0,0,3,2,2430.0,29,15,9,1,1.0,10,0,70470,80,1
27.0,1,0,2,2715.0,49,32,2,1,2.0,23,2,133035,87,1
19.0,0,1,0,1042.0,38,26,2,2,2.0,13,1,39596,25,0
65.0,1,2,1,4460.0,1,67,5,1,2.0,17,1,4460,9,1
55.0,0,7,1,4172.0,23,65,4,1,3.0,9,0,95956,70,0
61.0,0,2,1,4563.0,36,45,0,0,3.0,7,0,164268,3,0
29.0,0,5,1,4739.0,39,66,7,2,5.0,8,1,184821,85,0
42.0,1,3,1,3610.0,5,66,7,0,1.0,6,2,18050,46,1
54.0,1,0,2,1719.0,51,60,10,0,1.0,1,1,87669,27,0
52.0,1,4,0,2284.0,2,21,9,0,5.0,19,0,2740,45,1
38.0,1,7,1,4043.0,29,61,5,2,4.0,17,1,117247,25,0
19.0,1,1,2,2427.0,57,26,5,0,1.0,24,0,138339,67,1
50.0,0,7,0,1318.0,1,5,2,1,4.0,15,2,1318,25,0
52.0,0,1,2,1760.0,12,22,6,1,5.0,24,0,21120,47,1
20.0,1,6,0,1320.0,60,31,4,0,1.0,7,2,79200,88,0
37.0,0,3,0,515.0,60,76,9,2,1.0,13,2,30900,88,1
65.0,1,2,0,671.0,47,9,7,2,2.0,22,0,31537,50,1
30.0,0,4,2,2006.0,60,15,3,0,1.0,30,0,120360,69,1
39.0,1,5,2,1668.0,16,74,7,0,2.0,16,0,26688,18,1
24.0,0,3,2,2613.0,4,69,6,0,3.0,25,1,10452,82,1
46.0,0,6,0,1256.0,23,14,0,0,1.0,24,0,28888,21,1
34.0,0,4,1,5104.0,23,58,3,2,3.0,20,1,117392,56,0
30.0,1,2,1,5493.0,18,33,6,1,2.0,8,1,98874,33,1
49.0,0,0,1,5064.0,54,19,10,2,3.0,23,1,273456,34,0
37.0,1,5,1,3841.0,25,74,7,1,5.0,10,0,96025,16,0
43.0,0,7,2,2906.0,30,80,6,0,3.0,25,0,87180,16,0
57.0,0,7,1,5850.0,12,21,1,0,3.0,3,1,70200,17,0
49.0,1,0,2,2657.0,41,27,3,2,1.0,1,2,108937,9,0
45.0,0,2,0,1328.0,53,38,2,0,4.0,5,2,70384,55,0
18.0,1,3,0,697.0,37,45,1,1,5.0,25,0,25789,14,0
24.0,1,2,2,2266.0,46,31,7,1,3.0,30,0,104236,29,1
59.0,1,5,1,5320.0,32,14,7,2,4.0,25,2,170240,24,0
62.0,0,3,2,1524.0,54,59,3,1,2.0,13,2,82296,18,0
54.0,1,3,0,636.0,26,64,7,0,4.0,21,1,16536,86,1
36.0,1,6,1,5100.0,30,63,10,1,1.0,15,1,153000,87,1
36.0,0,4,1,3414.0,12,43,4,1,5.0,14,2,40968,29,0
60.0,0,3,1,3083.0,26,15,3,1,4.0,21,1,80158,50,0
55.0,1,7,1,2284.0,23,75,7,1,2.0,26,0,70334,8,1
46.0,1,5,0,728.0,11,18,6,1,2.0,13,2,8008,74,1
52.0,1,1,1,3394.0,9,63,2,0,5.0,6,2,30546,78,0
45.0,0,2,1,3294.0,11,25,4,0,2.0,10,1,36234,15,0
36.0,0,5,0,585.0,48,21,3,1,4.0,17,0,28080,23,0
30.0,0,4,1,4283.0,5,78,7,1,1.0,24,2,21415,35,1
54.0,0,4,2,2467.0,21,43,1,0,3.0,11,1,51807,12,0
62.0,0,5,1,3769.0,2,15,6,2,5.0,16,2,7538,7,0
47.0,0,7,1,3653.0,28,44,0,0,3.0,23,0,102284,6,0
44.0,0,0,2,2355.0,18,24,5,2,2.0,7,1,42390,47,1
32.0,0,3,1,3757.0,11,24,0,1,2.0,11,1,41327,76,1
60.0,1,1,2,2499.0,28,71,6,1,5.0,1,1,69972,11,0
39.0,1,7,2,2174.0,42,42,10,1,2.0,13,2,91308,82,1
45.0,0,1,0,1147.0,24,53,7,1,4.0,26,1,27528,5,1
50.0,0,1,0,853.0,49,30,7,2,2.0,24,1,41797,37,1
51.0,1,7,2,2138.0,7,40,6,2,4.0,30,0,14966,78,1
55.0,0,7,1,4513.0,4,25,6,1,4.0,4,2,18052,67,1
61.0,0,6,0,866.0,31,20,2,2,4.0,10,2,26846,67,0
40.0,1,0,0,1418.0,7,61,6,0,2.0,9,2,9926,19,0
26.0,0,2,0,614.0,48,41,9,2,1.0,19,1,29472,78,1
61.0,0,5,0,902.0,25,39,6,1,3.0,7,2,22550,74,0
21.0,1,5,0,646.0,51,28,4,2,3.0,14,2,32946,78,0
50.0,1,4,1,4417.0,48,30,5,0,3.0,4,0,212016,82,0
28.0,0,7,0,1269.0,48,76,5,1,3.0,26,2,60912,40,0
61.0,0,6,1,3378.0,29,2,8,0,2.0,28,2,97962,74,1
51.0,1,7,2,1682.0,44,72,4,2,4.0,0,1,74008,6,0
61.0,1,1,2,2248.0,40,19,10,1,1.0,10,1,89920,33,1
57.0,1,5,2,2208.0,32,17,7,1,1.0,9,1,70656,9,1
40.0,0,1,0,1253.0,35,71,4,2,4.0,17,2,43855,25,0
20.0,1,6,2,2201.0,60,55,7,0,2.0,13,2,132060,22,0
28.0,1,7,0,507.0,48,39,10,1,3.0,16,1,24336,46,1
55.0,0,4,1,5869.0,8,37,10,0,4.0,7,0,46952,34,0
49.0,1,5,2,2247.0,15,17,0,2,4.0,21,1,33705,80,0
46.0,1,4,2,1943.0,9,77,4,0,2.0,20,2,17487,69,1
27.0,1,0,0,1259.0,6,13,0,2,4.0,24,2,7554,46,1
25.0,0,1,2,2468.0,10,67,10,1,4.0,9,0,24680,25,0
42.0,1,4,0,945.0,11,36,6,0,5.0,25,0,10395,78,1
56.0,1,3,0,859.0,56,1,7,0,4.0,28,0,48104,30,0
29.0,0,3,2,2302.0,56,77,3,0,3.0,22,0,128912,68,0
33.0,0,6,2,1521.0,7,75,7,1,1.0,25,1,10647,64,1
56.0,1,7,0,506.0,12,55,6,0,2.0,29,2,6072,90,1
57.0,0,6,1,5280.0,9,77,6,0,4.0,24,0,47520,24,0
61.0,1,5,1,5177.0,17,13,1,0,4.0,27,2,88009,27,0
32.0,1,0,0,1243.0,31,79,0,1,4.0,9,1,38533,12,0
54.0,1,0,0,522.0,9,72,10,2,1.0,12,2,4698,85,1
62.0,1,2,2,1739.0,31,54,4,0,5.0,27,1,53909,43,0
42.0,0,2,0,598.0,51,47,6,2,3.0,29,2,30498,39,0
54.0,0,7,2,2509.0,55,8,0,0,4.0,26,2,137995,33,0
63.0,1,4,2,2309.0,17,76,10,0,4.0,9,2,39253,64,0
46.0,1,1,0,519.0,50,16,0,0,3.0,23,1,25950,8,0
55.0,1,3,0,680.0,38,31,6,0,1.0,14,1,25840,73,1
56.0,0,6,2,2187.0,42,12,8,0,2.0,14,0,91854,6,1
61.0,1,4,1,3115.0,43,35,1,2,1.0,29,1,133945,69,1
35.0,0,7,1,4415.0,16,31,10,2,2.0,23,0,70640,76,1
45.0,0,5,0,1415.0,6,5,6,0,1.0,25,1,8490,59,1
46.0,1,1,2,2961.0,16,46,5,2,3.0,19,2,47376,51,0
31.0,1,2,1,4316.0,39,50,1,2,3.0,21,2,168324,33,0
48.0,1,5,0,553.0,59,44,1,0,2.0,6,0,32627,62,1
40.0,0,0,1,5871.0,46,7,5,2,1.0,28,1,270066,3,1
55.0,1,7,1,4441.0,20,44,0,1,3.0,9,2,88820,84,0
35.0,1,1,2,2631.0,45,59,10,0,1.0,3,2,118395,63,1
40.0,1,5,0,1405.0,32,11,5,0,3.0,8,2,44960,62,0
64.0,1,4,0,1495.0,34,17,7,0,4.0,20,2,50830,40,0
36.0,1,1,2,2093.0,3,53,2,1,3.0,14,2,6279,6,0
33.0,1,4,2,2763.0,8,18,3,2,3.0,6,1,22104,49,0
29.0,0,0,0,637.0,45,71,6,1,1.0,16,0,28665,36,1
38.0,1,1,0,1127.0,37,24,6,0,1.0,6,2,41699,81,1
46.0,0,7,1,5374.0,30,71,9,1,3.0,8,0,161220,12,0
52.0,1,4,0,1239.0,4,57,6,0,3.0,9,1,4956,39,0
41.0,1,6,1,4419.0,16,34,6,0,3.0,30,1,70704,62,1
30.0,1,5,2,2882.0,31,15,8,2,3.0,1,0,89342,68,1
28.0,1,7,0,1205.0,29,16,6,1,5.0,4,1,34945,81,1
38.0,1,0,2,2466.0,44,8,4,1,2.0,8,2,108504,75,1
41.0,1,7,0,1072.0,6,26,6,1,1.0,6,1,6432,83,1
23.0,0,4,2,2374.0,43,66,2,1,4.0,25,1,102082,70,1
54.0,0,3,1,5845.0,28,71,8,0,1.0,0,1,163660,65,1
23.0,0,5,1,3091.0,18,11,0,0,3.0,12,2,55638,84,0
18.0,1,2,2,1965.0,52,78,10,2,1.0,22,0,102180,36,1
54.0,1,5,1,3820.0,26,17,5,1,5.0,24,2,99320,2,0
39.0,0,3,0,1271.0,5,36,5,2,4.0,20,1,6355,77,1
54.0,0,0,2,2100.0,55,26,6,2,4.0,0,0,115500,14,0
53.0,0,0,1,3148.0,17,46,7,1,4.0,28,2,53516,8,0
41.0,1,6,1,5322.0,3,66,5,2,4.0,9,0,15966,82,0
39.0,1,1,1,5160.0,46,13,0,0,5.0,25,2,237360,77,0
44.0,1,5,2,2907.0,57,78,7,2,3.0,14,1,165699,63,0
47.0,1,1,2,2202.0,35,78,10,0,1.0,7,2,77070,49,1
38.0,1,6,0,1354.0,57,64,10,2,1.0,24,1,77178,74,1
27.0,1,2,0,1391.0,43,70,3,1,4.0,10,2,59813,23,0
44.0,0,4,0,748.0,58,37,5,0,1.0,5,2,43384,50,0
39.0,0,1,2,2648.0,41,79,9,0,3.0,23,1,108568,48,1
55.0,1,1,2,2769.0,6,65,3,0,2.0,11,2,16614,38,0
28.0,1,1,0,669.0,12,39,6,1,3.0,3,2,8028,52,0
48.0,1,5,2,2664.0,33,18,8,2,2.0,23,2,87912,24,1
26.0,0,0,1,5747.0,31,2,5,1,3.0,10,0,178157,31,0
23.0,1,7,0,555.0,3,63,10,0,5.0,19,1,1665,10,1
55.0,1,6,2,2580.0,47,50,1,2,2.0,17,2,121260,88,1
19.0,1,6,0,583.0,40,43,9,1,2.0,4,2,23320,11,1
18.0,0,6,2,1875.0,34,1,2,2,2.0,20,0,63750,20,1
40.0,1,7,1,3087.0,21,68,5,2,4.0,17,2,64827,1,0
47.0,1,3,0,1291.0,33,14,3,1,5.0,10,0,42603,24,0
48.0,0,3,0,960.0,55,80,7,1,5.0,23,2,52800,54,1
43.0,0,4,0,835.0,2,38,0,1,1.0,10,0,1670,51,1
52.0,0,1,0,1040.0,43,37,0,0,2.0,21,1,44720,39,0
59.0,1,6,1,2284.0,28,43,2,0,4.0,9,1,120624,59,0
59.0,1,2,2,2215.0,14,47,9,2,2.0,25,1,31010,1,1
59.0,0,2,2,2348.0,2,30,7,0,4.0,26,0,4696,9,1
39.0,0,6,0,609.0,34,49,0,1,1.0,19,2,20706,53,1
36.0,0,4,1,4915.0,36,40,3,2,1.0,8,2,176940,22,0
35.0,1,7,1,3873.0,12,43,6,1,1.0,5,0,46476,83,1
65.0,1,6,1,5511.0,47,69,0,0,3.0,4,2,259017,83,0
54.0,0,5,1,3191.0,17,62,7,2,5.0,28,1,54247,33,0
19.0,0,1,1,3238.0,30,20,1,0,3.0,24,1,97140,74,0
41.0,0,6,0,1143.0,56,37,3,0,5.0,24,0,64008,77,0
35.0,0,7,0,1355.0,59,66,0,1,2.0,18,0,79945,73,1
45.0,0,2,1,5022.0,35,10,0,1,2.0,20,2,175770,9,1
64.0,0,5,0,1494.0,15,57,4,2,1.0,25,1,22410,22,1
58.0,1,3,1,4094.0,23,56,6,1,4.0,24,2,94162,6,0
51.0,0,0,0,559.0,9,49,0,2,3.0,27,1,5031,70,0
54.0,0,3,0,1493.0,31,41,9,0,4.0,3,1,46283,79,0
25.0,0,5,1,4571.0,26,48,4,0,4.0,3,2,118846,62,0
33.0,1,1,0,1215.0,22,80,2,2,2.0,4,1,26730,29,0
35.0,0,6,0,605.0,10,39,1,0,3.0,6,0,6050,21,0
18.0,0,1,1,5947.0,15,60,3,2,2.0,22,2,89205,34,0
63.0,0,6,2,2044.0,48,61,9,0,4.0,0,0,98112,77,0
18.0,0,4,1,3591.0,5,15,0,0,4.0,30,0,17955,23,0
65.0,1,4,2,2284.0,45,17,0,1,2.0,12,0,95310,14,1
28.0,0,3,2,2491.0,28,61,10,2,1.0,14,2,69748,73,1
27.0,1,5,0,1416.0,8,77,10,0,2.0,4,0,11328,70,1
42.0,0,4,1,4936.0,31,75,3,1,1.0,1,1,153016,37,0
18.0,0,2,2,1855.0,4,54,9,1,1.0,2,1,7420,9,1
39.0,0,0,0,959.0,23,74,1,0,3.0,9,1,22057,22,0
23.0,1,2,2,2653.0,50,66,9,1,4.0,0,0,132650,72,1
65.0,1,6,1,4932.0,50,15,4,1,4.0,7,1,246600,74,0
63.0,1,7,2,2637.0,5,19,5,2,3.0,10,2,13185,43,0
37.0,0,4,0,1288.0,20,57,1,1,2.0,1,2,25760,26,0
47.0,1,7,1,3877.0,9,31,9,1,4.0,28,1,34893,61,1
23.0,0,2,0,1207.0,14,17,2,2,5.0,18,0,16898,70,1
46.0,1,4,2,2937.0,11,25,7,1,3.0,6,0,32307,26,0
39.0,0,3,1,3530.0,25,31,9,2,2.0,8,2,88250,23,0
64.0,1,4,0,1228.0,13,66,1,1,1.0,27,1,15964,77,1
52.0,0,4,2,2472.0,41,31,4,0,2.0,7,0,101352,59,1
58.0,0,1,0,1461.0,48,54,7,2,2.0,27,0,70128,37,1
58.0,1,2,0,1500.0,1,74,6,0,4.0,2,1,1500,10,0
42.0,0,0,0,769.0,11,38,0,0,3.0,1,1,8459,75,0
58.0,1,1,0,784.0,3,18,3,2,2.0,16,2,2352,54,1
48.0,0,6,0,603.0,58,42,9,1,2.0,29,0,34974,25,1
36.0,0,3,0,1231.0,8,8,2,2,3.0,11,0,9848,86,0
34.0,1,5,2,2412.0,36,14,2,1,1.0,29,2,86832,21,1
29.0,0,4,2,2662.0,37,20,2,2,5.0,14,0,98494,75,0
42.0,1,6,1,5731.0,4,40,5,1,4.0,15,0,22924,85,1
37.0,0,2,2,2335.0,60,11,8,2,4.0,11,2,140100,73,0
30.0,0,6,0,1267.0,48,26,5,1,2.0,12,0,60816,39,1
45.0,0,4,2,2798.0,58,77,9,1,4.0,20,2,162284,66,1
27.0,0,4,2,2216.0,22,58,8,2,1.0,13,0,48752,84,1
32.0,1,6,0,1044.0,32,17,7,2,5.0,29,1,33408,47,1
65.0,0,1,2,1949.0,16,43,7,2,4.0,2,2,31184,12,0
37.0,1,2,2,2857.0,16,80,10,0,5.0,16,0,45712,63,1
60.0,0,2,2,2830.0,49,33,10,0,4.0,14,1,138670,82,0
45.0,0,5,0,1217.0,23,45,6,0,4.0,9,0,27991,46,0
55.0,1,6,2,1748.0,46,44,10,1,5.0,30,1,80408,62,1
42.0,1,5,2,2611.0,52,57,2,0,2.0,21,1,135772,20,0
50.0,1,1,1,4816.0,8,46,8,0,2.0,24,0,38528,87,1
22.0,0,2,1,3060.0,55,8,5,0,5.0,19,1,168300,61,0
32.0,0,2,2,2161.0,1,3,5,1,4.0,17,1,2161,82,1
20.0,0,2,1,3048.0,10,65,10,1,1.0,26,2,30480,75,1
22.0,0,4,2,1582.0,7,57,7,0,5.0,14,2,11074,76,0
47.0,1,2,0,1432.0,20,3,8,1,2.0,8,2,28640,39,1
43.0,1,1,1,5326.0,2,16,8,1,5.0,27,1,10652,27,1
34.0,0,5,1,4214.0,38,51,8,0,5.0,7,1,160132,55,0
62.0,1,7,1,4962.0,15,44,3,2,3.0,23,1,74430,36,1
58.0,0,5,1,4379.0,10,20,8,2,5.0,11,0,43790,75,0
29.0,1,5,0,1105.0,18,63,3,2,1.0,11,0,19890,21,0
42.0,0,3,0,819.0,11,73,1,0,1.0,2,2,9009,49,0
31.0,0,2,2,2732.0,1,25,10,1,5.0,4,0,2732,19,1
40.0,0,5,1,3629.0,9,50,0,2,2.0,13,2,32661,1,0
43.0,0,5,2,2868.0,58,16,9,2,4.0,15,2,166344,14,0
46.0,1,1,2,2122.0,24,55,2,1,2.0,1,0,50928,27,1
27.0,0,4,2,1996.0,35,72,6,1,4.0,13,1,69860,63,1
59.0,1,1,0,2284.0,29,68,0,1,1.0,25,2,23780,81,1
56.0,1,1,1,4215.0,23,32,3,2,5.0,27,2,96945,66,0
36.0,0,1,0,1248.0,24,11,10,1,2.0,8,2,29952,27,1
26.0,0,6,1,5624.0,52,17,9,0,5.0,29,1,292448,82,0
64.0,1,6,1,3742.0,38,70,7,2,4.0,20,2,142196,78,0
61.0,0,5,2,2577.0,55,20,6,1,2.0,8,0,141735,10,1
27.0,0,3,1,3252.0,48,39,4,2,3.0,17,2,156096,43,0
32.0,1,0,2,1600.0,21,56,3,0,1.0,6,2,33600,23,0
62.0,0,3,0,1311.0,40,24,2,0,2.0,25,1,52440,33,0
33.0,0,2,1,2284.0,22,62,1,2,3.0,17,2,78496,71,0
43.0,1,1,1,5885.0,8,30,6,0,2.0,10,2,47080,57,1
62.0,0,6,1,4822.0,9,71,8,1,5.0,25,2,43398,3,0
52.0,1,7,2,2288.0,33,64,3,0,2.0,24,2,75504,35,0
32.0,1,0,1,3773.0,56,32,3,1,3.0,0,1,211288,28,0
48.0,1,6,2,1617.0,21,64,2,0,3.0,29,1,33957,15,0
23.0,0,5,2,2084.0,52,38,9,2,2.0,27,1,108368,51,1
26.0,1,3,1,4658.0,32,53,7,0,3.0,5,2,149056,78,0
45.0,0,0,0,1355.0,58,13,10,0,4.0,18,1,78590,19,0
38.0,1,3,1,5169.0,27,24,9,2,5.0,27,2,139563,82,0
61.0,1,0,2,2424.0,36,17,3,1,4.0,12,0,87264,61,0
46.0,1,0,2,1829.0,4,25,2,1,2.0,24,2,7316,89,1
23.0,0,0,2,2211.0,26,27,8,1,2.0,21,2,57486,1,1
65.0,1,1,1,5946.0,39,68,8,0,5.0,18,0,231894,15,0
25.0,0,4,0,613.0,38,56,9,2,2.0,5,2,23294,78,1
58.0,1,6,0,1297.0,19,5,6,0,3.0,30,0,24643,52,1
56.0,0,2,0,981.0,24,23,7,0,1.0,3,0,23544,27,1
28.0,0,5,2,2324.0,5,17,3,1,3.0,14,2,11620,79,0
63.0,0,1,0,1406.0,13,24,8,0,2.0,3,2,18278,46,1
35.0,0,3,1,5255.0,43,33,6,2,4.0,9,0,225965,73,0
48.0,1,1,2,1559.0,28,3,5,2,2.0,24,1,43652,15,1
19.0,0,6,1,4741.0,24,64,6,0,4.0,17,0,113784,24,0
44.0,0,5,2,2497.0,37,39,9,2,1.0,23,0,92389,4,1
46.0,0,3,2,2246.0,57,50,5,2,3.0,9,1,128022,59,0
34.0,0,3,0,1067.0,36,21,8,0,3.0,10,2,38412,70,0
18.0,0,5,1,5245.0,54,77,5,0,5.0,14,1,283230,78,0
64.0,0,0,2,1824.0,58,58,3,1,2.0,6,1,105792,42,0
65.0,0,6,1,3497.0,10,30,4,0,4.0,12,0,34970,1,0
18.0,1,4,1,2284.0,47,25,9,0,5.0,26,0,142739,33,0
54.0,0,3,1,3568.0,41,49,7,1,1.0,14,0,146288,56,1
18.0,1,5,0,568.0,12,6,8,0,1.0,24,0,6816,1,1
49.0,0,4,0,1245.0,42,3,0,0,3.0,27,1,52290,29,0
19.0,0,7,0,1451.0,9,17,3,1,5.0,16,2,13059,49,0
29.0,1,3,1,5963.0,60,50,2,0,3.0,24,0,357780,50,0
21.0,1,2,0,677.0,17,37,9,0,1.0,15,0,11509,11,1
37.0,0,1,0,1291.0,38,64,5,0,2.0,0,0,49058,88,1
41.0,0,0,2,2727.0,9,17,8,0,4.0,28,0,24543,15,0
47.0,0,0,2,2038.0,51,74,9,0,3.0,11,2,103938,46,0
48.0,0,0,0,659.0,32,53,4,1,2.0,15,1,21088,7,0
21.0,1,5,2,2319.0,27,31,10,2,4.0,3,0,62613,54,1
34.0,0,0,0,830.0,45,30,2,2,3.0,5,0,37350,22,0
60.0,0,7,1,5162.0,48,27,4,2,1.0,2,0,247776,4,0
33.0,0,2,0,1480.0,16,26,8,0,4.0,18,1,23680,81,1
62.0,1,2,2,2161.0,26,58,7,0,4.0,0,1,56186,44,0
53.0,1,3,0,920.0,43,66,0,1,5.0,28,2,39560,9,0
30.0,0,6,0,688.0,11,80,10,2,2.0,9,0,7568,72,1
60.0,1,3,1,4848.0,42,67,3,2,5.0,18,1,203616,7,0
26.0,1,4,2,2065.0,19,61,6,0,2.0,17,0,39235,75,1
48.0,0,6,2,2985.0,33,80,10,2,1.0,29,2,98505,7,1
48.0,1,7,0,625.0,48,47,4,2,3.0,15,2,30000,19,0
42.0,0,2,1,5181.0,59,49,8,0,2.0,16,1,305679,12,1
40.0,0,0,2,2265.0,54,69,10,1,4.0,26,2,122310,36,0
20.0,1,4,1,3215.0,58,55,8,2,1.0,6,0,186470,90,1
21.0,0,0,1,3556.0,55,76,0,1,5.0,18,0,195580,21,0
35.0,1,5,1,4648.0,43,44,9,1,5.0,3,1,199864,28,0
21.0,0,2,1,2284.0,15,67,9,0,3.0,23,1,87480,23,1
35.0,0,2,1,5338.0,1,64,4,2,2.0,30,2,5338,59,1
61.0,1,1,0,1142.0,1,67,4,1,3.0,28,0,1142,89,1
50.0,1,6,2,1688.0,36,4,0,1,2.0,26,2,60768,33,1
39.0,0,6,1,3386.0,48,23,3,2,5.0,4,0,162528,43,0
48.0,1,4,0,781.0,21,41,9,2,3.0,5,2,16401,88,0
28.0,1,5,0,1040.0,41,60,2,1,1.0,19,2,42640,61,1
36.0,0,1,1,5837.0,46,78,0,0,1.0,26,0,268502,14,1
61.0,1,3,1,3332.0,16,12,6,1,3.0,5,1,53312,39,0
50.0,1,6,1,5844.0,33,69,5,1,1.0,15,0,192852,46,1
50.0,1,3,0,1063.0,13,10,7,0,2.0,8,0,13819,77,1
20.0,0,2,2,2063.0,59,34,0,0,4.0,18,0,121717,87,0
62.0,1,2,0,1408.0,32,69,7,2,3.0,28,2,45056,60,1
24.0,1,2,0,1202.0,24,61,6,2,4.0,17,1,28848,56,1
24.0,0,4,0,1464.0,33,72,3,0,4.0,1,2,48312,69,0
50.0,1,4,0,696.0,57,38,1,1,2.0,25,2,39672,1,1
21.0,1,4,0,1065.0,39,33,0,1,4.0,15,1,41535,21,0
62.0,1,5,0,747.0,55,62,3,0,2.0,11,1,41085,65,0
59.0,1,6,0,1142.0,9,9,9,0,3.0,15,0,10278,88,0
31.0,1,2,1,4249.0,3,24,8,0,5.0,1,1,12747,71,0
65.0,1,3,2,2314.0,21,22,10,1,1.0,20,0,48594,39,1
37.0,1,1,0,1309.0,8,9,8,0,1.0,0,2,10472,2,0
36.0,0,5,1,5537.0,46,70,0,2,4.0,24,2,254702,68,0
47.0,1,7,0,886.0,20,51,1,0,2.0,23,1,17720,64,1
25.0,0,5,0,1234.0,17,37,8,1,1.0,26,2,20978,45,1
21.0,1,1,1,4663.0,22,37,6,2,1.0,30,2,102586,55,1
29.0,1,0,2,2284.0,11,72,8,2,4.0,21,0,20273,19,1
37.0,1,7,0,1281.0,56,33,9,0,4.0,26,0,71736,43,0
33.0,0,7,2,2959.0,59,19,4,0,1.0,8,2,174581,73,0
44.0,1,0,0,1439.0,17,45,7,1,2.0,28,0,24463,33,1
18.0,1,6,2,2017.0,12,41,6,1,5.0,26,0,24204,80,1
35.0,1,3,1,5897.0,49,65,2,2,5.0,7,1,288953,3,0
42.0,1,5,2,2848.0,58,55,7,2,3.0,17,2,165184,50,1
48.0,0,3,0,1122.0,33,18,8,0,1.0,6,0,37026,78,1
60.0,1,1,0,1330.0,53,32,5,2,3.0,15,2,70490,52,0
46.0,1,2,0,1087.0,16,17,4,0,3.0,24,1,17392,13,0
25.0,0,5,0,1272.0,56,12,8,0,3.0,2,2,71232,33,0
39.0,0,7,0,939.0,50,9,8,2,2.0,17,0,46950,29,1
56.0,1,7,1,4635.0,27,45,0,2,2.0,13,0,125145,67,1
22.0,0,7,0,1334.0,14,23,6,2,2.0,12,2,18676,61,1
42.0,0,3,2,2661.0,27,77,8,1,2.0,22,0,71847,61,1
39.0,0,1,2,2385.0,17,49,8,2,4.0,1,0,40545,50,1
39.0,0,7,1,4868.0,43,8,10,2,3.0,16,1,209324,12,1
21.0,1,4,0,1472.0,53,41,10,1,5.0,4,2,78016,81,0
47.0,1,0,0,761.0,9,19,4,1,2.0,9,1,6849,16,0
54.0,0,5,0,832.0,15,77,7,2,3.0,17,0,12480,36,1
43.0,0,1,1,3414.0,10,29,4,0,5.0,0,0,34140,87,0
57.0,1,2,2,2078.0,3,71,3,0,3.0,14,1,6234,67,0
46.0,1,6,2,1858.0,30,75,10,2,1.0,27,0,55740,40,1
18.0,0,7,0,829.0,29,19,2,2,4.0,10,1,24041,15,0
50.0,1,1,1,5794.0,41,80,3,1,3.0,19,1,237554,77,1
50.0,1,3,2,1984.0,5,78,10,0,4.0,6,2,9920,83,0
64.0,1,5,1,3899.0,54,9,4,2,5.0,13,1,210546,60,0
63.0,1,6,2,2123.0,54,37,6,1,3.0,5,0,114642,90,1
19.0,1,5,0,1200.0,45,77,2,1,2.0,27,1,54000,19,1
18.0,0,7,1,4045.0,40,66,7,1,3.0,16,0,161800,55,1
60.0,0,0,0,1275.0,60,68,10,0,1.0,25,1,76500,2,1
33.0,1,6,2,2337.0,31,59,2,1,4.0,7,2,72447,14,0
41.0,0,1,2,2579.0,48,51,1,0,1.0,1,1,123792,25,0
61.0,1,2,2,2309.0,2,65,3,0,1.0,11,1,4618,9,0
53.0,1,0,2,2778.0,41,38,0,2,2.0,28,2,113898,46,1
39.0,1,2,1,5492.0,25,18,5,2,2.0,19,2,137300,80,1
32.0,1,4,0,955.0,48,13,6,1,3.0,27,1,45840,57,1
24.0,0,6,1,3433.0,17,32,5,1,3.0,24,1,58361,13,0
64.0,0,1,1,5877.0,23,54,5,0,1.0,28,2,135171,48,1
22.0,1,7,0,1174.0,58,74,2,2,5.0,6,0,68092,46,0
52.0,1,6,1,4164.0,45,10,1,0,4.0,24,2,187380,44,0
64.0,1,7,2,2734.0,40,46,5,2,5.0,28,1,109360,21,0
18.0,0,0,0,1414.0,59,60,0,1,4.0,9,1,83426,3,0
44.0,0,6,2,2238.0,52,28,5,0,1.0,11,2,116376,87,0
50.0,1,6,1,5071.0,16,69,8,0,2.0,12,2,81136,47,1
29.0,0,6,1,4892.0,5,31,1,2,4.0,26,2,24460,26,0
56.0,1,7,2,2925.0,49,56,4,1,3.0,27,0,143325,2,0
50.0,0,1,2,1944.0,39,63,1,1,1.0,1,0,75816,39,1
42.0,1,0,0,1065.0,42,76,2,0,3.0,28,0,44730,44,0
21.0,0,1,0,931.0,25,32,3,0,2.0,30,2,23275,4,0
55.0,1,0,2,2202.0,53,47,0,0,3.0,4,2,116706,86,0
34.0,1,6,2,2841.0,14,35,9,2,5.0,2,1,39774,43,0
19.0,1,0,0,1122.0,56,77,2,1,2.0,6,0,62832,45,1
53.0,1,4,2,2489.0,41,42,8,0,4.0,7,1,102049,83,0
60.0,0,6,1,3705.0,37,55,7,0,1.0,10,2,137085,80,1
59.0,0,6,2,1927.0,56,57,5,0,4.0,11,0,107912,74,0
35.0,0,1,2,2138.0,4,73,6,1,2.0,7,1,8552,64,1
60.0,0,0,0,540.0,7,40,2,1,1.0,1,1,3780,79,1
63.0,0,6,0,869.0,29,52,5,0,4.0,24,0,25201,6,0
55.0,0,1,0,894.0,26,17,7,0,4.0,2,2,23244,31,0
30.0,1,1,0,1430.0,54,16,10,1,2.0,14,0,77220,62,1
65.0,0,1,2,2258.0,49,35,3,2,5.0,21,1,110642,35,0
45.0,1,7,1,5428.0,39,9,4,0,4.0,2,0,211692,51,0
36.0,0,4,0,1482.0,55,77,0,2,3.0,28,1,81510,88,0
33.0,1,0,0,1002.0,25,47,10,1,3.0,2,1,25050,15,0
18.0,0,1,2,1500.0,7,49,8,2,5.0,25,0,10500,87,1
62.0,1,4,1,5396.0,43,71,5,0,4.0,22,1,232028,51,0
34.0,0,0,1,4090.0,36,1,1,0,3.0,20,0,147240,40,0
50.0,0,4,1,4165.0,20,69,6,1,5.0,27,2,83300,79,1
23.0,0,3,0,938.0,33,19,5,0,2.0,21,2,30954,41,0
34.0,1,0,0,939.0,49,45,9,2,3.0,28,2,46011,2,0
53.0,1,6,2,2402.0,19,26,7,1,3.0,5,1,45638,80,1
19.0,1,7,1,4883.0,31,71,10,0,2.0,29,0,151373,71,1
53.0,0,7,0,1035.0,29,39,3,1,5.0,11,2,30015,5,0
46.0,0,2,1,5457.0,30,26,4,2,3.0,29,0,163710,53,1
47.0,0,4,1,4145.0,3,43,6,0,5.0,16,2,12435,73,1
58.0,1,4,2,2088.0,42,79,5,1,5.0,28,2,87696,27,0
25.0,0,4,2,1967.0,32,64,9,2,5.0,30,0,62944,35,1
25.0,0,4,2,2618.0,29,41,5,2,5.0,11,1,75922,11,0
19.0,1,7,1,5241.0,50,3,2,2,4.0,22,2,262050,84,0
42.0,0,6,2,2989.0,30,11,0,1,2.0,23,2,89670,23,1
65.0,0,5,0,1013.0,20,31,10,0,2.0,24,2,20260,78,1
21.0,1,1,0,1152.0,49,35,5,2,2.0,5,1,56448,31,0
27.0,0,2,1,4257.0,44,74,6,2,3.0,19,0,187308,74,1
46.0,1,5,1,3307.0,41,46,1,2,5.0,19,1,135587,61,0
25.0,1,6,1,5885.0,7,11,1,0,3.0,9,0,41195,89,0
38.0,1,1,2,2398.0,46,10,10,2,4.0,6,2,110308,17,0
18.0,0,3,2,2637.0,58,26,2,0,4.0,0,1,152946,62,0
54.0,0,6,0,1106.0,47,35,0,1,4.0,26,0,51982,83,1
42.0,1,0,2,2555.0,57,63,0,0,3.0,5,2,145635,8,0
21.0,0,2,1,3085.0,5,39,6,0,4.0,19,1,15425,4,0
64.0,0,1,2,2544.0,59,56,8,0,2.0,26,2,150096,7,1
33.0,1,3,0,839.0,17,75,1,2,1.0,25,1,14263,66,1
40.0,1,4,1,3697.0,41,79,9,2,2.0,28,2,151577,57,1
40.0,0,0,1,5576.0,59,60,8,0,2.0,3,1,328984,73,1
33.0,1,4,1,4842.0,36,70,9,0,4.0,21,2,174312,22,0
30.0,1,0,0,1383.0,16,6,9,0,3.0,23,0,22128,3,0
27.0,1,4,2,1753.0,60,63,0,0,4.0,10,0,105180,90,0
29.0,0,1,0,844.0,14,72,10,2,4.0,27,1,11816,71,1
42.0,0,4,0,812.0,51,66,9,2,5.0,17,1,41412,14,0
33.0,1,7,1,3426.0,54,42,0,1,4.0,18,0,185004,66,1
56.0,1,4,2,2519.0,9,19,5,0,1.0,15,1,22671,18,0
40.0,0,4,0,1096.0,53,11,6,0,1.0,3,2,58088,25,0
49.0,0,1,0,928.0,30,61,3,1,3.0,1,2,27840,9,0
29.0,0,4,2,1985.0,2,5,4,2,4.0,21,1,3970,5,0
21.0,1,2,0,592.0,9,22,10,1,2.0,15,2,5328,61,1
27.0,1,7,1,5365.0,6,5,9,0,3.0,23,2,32190,59,1
64.0,1,5,2,1686.0,25,51,1,1,5.0,3,0,42150,48,0
49.0,1,3,2,2190.0,56,52,2,2,2.0,1,1,122640,36,0
23.0,0,1,2,2284.0,43,16,10,0,5.0,18,2,124227,89,0
48.0,0,1,1,4616.0,49,47,6,2,3.0,29,0,226184,59,1
18.0,1,7,0,1039.0,4,18,9,0,3.0,22,0,4156,57,1
23.0,1,0,0,507.0,1,51,10,1,5.0,23,0,507,25,1
64.0,1,5,1,5296.0,55,10,7,1,4.0,0,0,291280,71,1
34.0,1,6,2,2391.0,58,10,5,1,1.0,17,0,138678,37,1
42.0,1,3,1,5800.0,26,80,7,0,5.0,28,2,150800,32,0
41.0,1,6,0,1278.0,16,6,10,2,3.0,0,0,20448,18,0
54.0,1,0,1,3201.0,13,64,0,1,1.0,1,0,41613,10,1
37.0,1,7,1,4700.0,7,29,0,1,4.0,25,0,32900,83,1
64.0,0,3,0,1416.0,12,42,9,1,5.0,21,2,16992,34,0
24.0,0,4,2,2046.0,45,15,0,1,3.0,2,2,92070,25,0
59.0,1,2,0,750.0,59,79,5,0,3.0,5,0,44250,52,0
32.0,1,7,2,1648.0,24,71,8,1,5.0,28,2,39552,32,0
22.0,1,2,0,585.0,4,18,2,0,1.0,17,2,2340,56,1
41.0,0,4,1,5956.0,2,62,5,0,5.0,2,0,11912,37,0
54.0,0,2,0,1398.0,37,63,2,2,4.0,22,1,51726,28,0
47.0,0,7,1,5937.0,18,36,0,1,2.0,15,1,106866,40,0
34.0,1,4,0,1146.0,40,57,7,2,5.0,23,0,45840,31,1
29.0,1,6,2,2119.0,48,63,9,0,4.0,19,1,101712,48,1
58.0,1,2,2,2705.0,7,78,10,2,5.0,9,0,18935,73,1
53.0,0,0,2,1829.0,48,56,0,0,1.0,12,2,87792,34,0
62.0,0,6,0,764.0,24,7,2,0,2.0,18,1,18336,11,0
29.0,0,5,0,1309.0,58,13,4,1,2.0,19,1,75922,50,1
53.0,0,1,0,1099.0,28,69,4,0,5.0,27,1,30772,12,0
52.0,1,5,2,2701.0,40,41,6,0,2.0,8,2,108040,62,1
39.0,1,2,0,504.0,47,76,0,2,3.0,21,1,23688,38,0
36.0,1,1,0,914.0,16,67,6,2,2.0,26,0,14624,82,1
43.0,0,7,1,3145.0,13,67,9,2,4.0,22,0,40885,3,0
42.0,1,5,1,5617.0,27,63,10,2,4.0,6,1,151659,89,0
41.0,0,5,2,2020.0,8,37,4,2,3.0,20,2,16160,80,0
41.0,0,6,1,4891.0,44,40,6,2,5.0,13,0,215204,42,0
21.0,0,2,0,1483.0,8,75,0,2,2.0,20,1,11864,57,1
43.0,0,7,1,3815.0,43,44,10,1,2.0,20,0,164045,33,1
48.0,1,3,0,1058.0,48,6,7,2,2.0,11,2,50784,53,1
31.0,1,1,2,2182.0,16,73,9,0,1.0,11,2,34912,70,1
36.0,0,1,2,2052.0,43,53,5,0,3.0,24,2,88236,64,0
41.0,1,2,1,4423.0,25,52,5,0,5.0,20,1,110575,4,0
51.0,0,7,2,1665.0,28,41,0,0,3.0,0,1,46620,52,0
42.0,0,0,1,2284.0,30,30,1,2,2.0,10,2,172980,27,0
41.0,1,3,2,1922.0,35,72,2,1,2.0,12,1,67270,45,0
42.0,0,4,2,2151.0,51,49,5,2,4.0,27,1,109701,64,0
30.0,1,3,0,863.0,25,51,6,0,5.0,5,2,21575,24,0
36.0,0,1,2,2284.0,19,9,10,2,4.0,5,0,42541,40,0
46.0,0,5,2,1803.0,24,63,4,1,5.0,21,2,43272,42,0
62.0,0,6,2,1513.0,26,29,3,0,5.0,20,0,39338,18,0
40.0,1,5,2,2908.0,44,68,2,2,4.0,14,2,127952,35,0
40.0,0,4,2,2327.0,27,52,7,2,3.0,15,0,62829,41,0
20.0,1,3,0,1208.0,32,14,9,2,3.0,25,1,38656,40,0
22.0,1,4,2,2683.0,13,80,0,1,5.0,30,1,34879,54,1
28.0,0,4,2,1507.0,53,25,7,2,4.0,13,0,79871,3,0
53.0,1,7,0,2284.0,27,79,10,0,5.0,12,1,33021,25,0
59.0,1,2,2,2505.0,44,46,7,1,1.0,15,1,110220,82,1
24.0,1,3,1,5903.0,15,49,2,2,5.0,8,0,88545,56,0
32.0,0,5,1,3418.0,57,16,7,0,5.0,22,1,194826,45,0
48.0,0,3,1,4520.0,40,54,6,2,3.0,20,2,180800,53,1
56.0,1,4,2,2698.0,27,80,2,0,1.0,11,1,72846,18,0
33.0,0,2,2,2927.0,12,45,7,1,3.0,28,2,35124,90,1
39.0,1,4,2,2517.0,33,47,5,0,5.0,12,2,83061,9,0
41.0,0,1,1,3675.0,15,13,10,2,4.0,4,1,55125,71,0
25.0,0,7,2,1988.0,37,78,9,0,4.0,3,0,73556,61,0
57.0,1,0,2,2947.0,17,27,0,1,4.0,1,1,50099,68,0
41.0,0,7,1,3672.0,21,7,0,0,1.0,2,0,77112,51,1
32.0,1,4,2,2449.0,31,80,9,1,5.0,26,2,75919,59,1
23.0,0,5,0,1284.0,29,60,5,2,5.0,16,0,37236,85,1
28.0,0,0,2,2693.0,56,39,4,0,4.0,15,2,150808,57,0
38.0,0,7,2,2622.0,18,20,4,2,5.0,18,1,47196,76,0
38.0,0,1,0,1145.0,37,71,9,0,2.0,15,2,42365,8,0
26.0,1,6,0,1015.0,27,21,4,0,1.0,6,2,27405,15,0
52.0,0,0,1,3554.0,49,41,4,0,1.0,9,2,174146,47,0
45.0,0,3,1,2284.0,14,53,3,1,2.0,11,1,60858,24,0
37.0,0,1,0,985.0,5,30,7,1,3.0,7,2,4925,7,0
53.0,0,5,2,2475.0,38,52,6,2,4.0,28,0,94050,44,1
65.0,1,5,2,1862.0,15,49,4,2,2.0,11,2,27930,80,0
32.0,1,0,1,5622.0,42,68,10,0,5.0,8,0,236124,53,0
26.0,0,7,0,2284.0,53,52,10,1,3.0,6,0,56604,42,0
21.0,1,7,2,2144.0,5,75,8,2,4.0,15,1,10720,41,0
47.0,0,5,1,4278.0,4,2,2,1,2.0,20,0,17112,70,1
60.0,1,0,0,1349.0,53,69,8,1,4.0,27,1,71497,26,1
35.0,0,1,1,5178.0,19,73,3,1,1.0,16,2,98382,63,1
40.0,0,3,0,604.0,34,69,2,1,3.0,27,1,20536,3,0
55.0,0,2,2,2568.0,4,59,10,2,3.0,4,2,10272,65,1
26.0,1,5,1,4397.0,17,65,2,1,2.0,20,0,74749,31,1
43.0,1,2,1,5375.0,23,64,5,0,3.0,8,2,123625,56,0
27.0,0,6,0,2284.0,20,47,6,1,5.0,20,2,22320,1,0
19.0,1,4,2,2670.0,58,62,7,0,4.0,25,2,154860,27,0
46.0,0,7,2,2185.0,15,1,10,1,4.0,24,0,32775,3,1
35.0,1,1,0,1071.0,52,34,8,2,4.0,25,1,55692,72,1
36.0,0,0,1,5158.0,54,22,0,1,5.0,13,1,278532,35,0
60.0,0,2,2,2350.0,3,10,10,0,3.0,14,1,7050,90,1
41.0,0,7,2,2747.0,13,4,8,1,1.0,16,1,35711,37,1
65.0,0,4,2,2524.0,7,60,9,1,4.0,20,2,17668,11,0
61.0,1,3,1,4721.0,51,44,1,0,2.0,24,0,240771,4,1
43.0,0,5,2,2632.0,16,66,2,0,3.0,5,2,42112,19,0
25.0,0,2,1,3521.0,14,67,5,1,5.0,14,1,49294,87,0
40.0,0,3,2,1545.0,18,28,9,2,2.0,14,1,27810,4,1
19.0,1,7,2,2658.0,3,55,9,1,3.0,27,0,7974,81,1
45.0,0,4,1,4508.0,19,20,10,2,3.0,15,0,85652,15,0
34.0,0,2,2,2829.0,54,28,2,2,4.0,21,2,152766,86,0
54.0,0,4,1,5849.0,39,44,9,2,1.0,11,0,228111,2,1
45.0,1,0,1,5502.0,10,72,3,1,4.0,2,1,55020,81,0
45.0,0,4,2,2523.0,41,57,0,0,4.0,4,0,103443,77,0
44.0,1,1,1,5133.0,15,40,4,2,2.0,11,2,76995,60,0
51.0,1,3,2,2059.0,58,19,7,1,1.0,11,2,119422,37,1
65.0,0,4,1,4315.0,25,21,1,1,4.0,0,0,107875,30,0
29.0,1,7,1,3818.0,44,49,3,0,2.0,27,2,167992,11,0
30.0,1,5,2,1699.0,27,74,7,2,4.0,7,1,45873,73,0
24.0,1,0,0,1295.0,14,2,8,0,3.0,7,2,18130,13,0
38.0,0,0,0,1487.0,47,35,6,1,2.0,28,1,69889,76,1
53.0,0,1,2,1824.0,3,67,8,2,3.0,1,2,5472,44,0
54.0,1,3,0,1476.0,54,78,10,0,2.0,2,2,79704,36,0
55.0,1,2,2,2202.0,56,25,5,1,5.0,29,1,123312,31,0
43.0,1,3,2,2161.0,43,21,0,0,5.0,12,1,92923,85,0
63.0,0,1,0,1412.0,9,47,4,2,3.0,21,0,12708,86,1
29.0,1,3,1,5868.0,55,16,9,0,5.0,8,1,322740,46,0
57.0,0,6,0,1439.0,14,63,9,1,4.0,19,2,20146,26,0
62.0,1,7,2,2542.0,29,47,7,2,5.0,9,2,73718,35,0
48.0,0,5,0,1238.0,53,58,4,2,1.0,5,0,65614,52,1
37.0,1,0,1,3631.0,48,66,3,0,2.0,0,0,174288,58,1
46.0,0,1,2,2222.0,29,44,7,1,4.0,6,0,64438,50,1
63.0,0,0,0,587.0,8,20,5,0,5.0,8,1,4696,40,0
51.0,1,4,1,3591.0,60,71,10,0,4.0,0,2,215460,33,0
61.0,0,2,0,1378.0,20,36,6,2,3.0,6,0,27560,24,0
42.0,0,5,1,4903.0,6,54,5,1,2.0,15,2,29418,75,1
49.0,0,5,1,2284.0,45,70,7,0,1.0,20,1,264420,51,1
29.0,1,2,1,3026.0,56,38,1,1,5.0,6,0,169456,64,0
30.0,0,7,2,1744.0,53,49,8,2,4.0,12,2,92432,34,0
53.0,1,3,2,1624.0,30,25,1,0,4.0,17,2,48720,5,0
36.0,0,0,2,2284.0,42,32,4,0,2.0,4,1,95970,49,0
39.0,1,3,1,4206.0,13,17,8,1,4.0,13,1,54678,46,0
25.0,1,6,2,2432.0,55,19,8,2,3.0,25,0,133760,26,1
57.0,1,4,1,4531.0,46,46,10,0,5.0,30,1,208426,72,0
20.0,1,0,0,880.0,28,29,6,2,2.0,2,0,24640,77,1
29.0,1,6,2,2637.0,47,5,6,0,3.0,25,1,123939,59,1
28.0,0,0,2,1738.0,59,47,0,0,5.0,9,1,102542,89,0
50.0,0,5,0,1457.0,33,79,9,2,4.0,24,2,48081,15,0
21.0,0,1,1,5367.0,56,68,1,0,3.0,30,2,300552,56,0
49.0,0,3,0,730.0,44,9,8,1,1.0,22,0,32120,21,1
29.0,1,1,0,2284.0,57,13,10,2,4.0,19,1,79629,50,1
65.0,1,6,2,1577.0,59,30,7,1,4.0,8,1,93043,26,0
19.0,1,6,2,2883.0,55,56,5,0,2.0,7,2,158565,81,0
42.0,0,6,2,2279.0,32,13,2,1,4.0,15,2,72928,89,0
48.0,1,2,2,1792.0,59,25,8,1,3.0,16,0,105728,87,1
31.0,0,1,0,1484.0,6,23,10,0,4.0,12,2,8904,6,0
55.0,0,7,1,4277.0,50,52,7,1,5.0,7,2,213850,34,0
61.0,1,5,0,727.0,15,60,8,1,3.0,13,1,10905,22,0
40.0,1,4,0,672.0,40,55,2,2,5.0,30,2,26880,13,0
45.0,1,5,2,1583.0,58,80,6,0,2.0,6,0,91814,38,1
54.0,0,1,0,725.0,4,42,5,1,5.0,17,1,2900,87,1
42.0,0,6,1,2284.0,31,53,8,2,1.0,28,2,143902,85,1
26.0,1,4,0,995.0,55,38,5,0,3.0,22,2,54725,49,0
21.0,0,4,1,3782.0,29,65,5,0,5.0,19,2,109678,33,0
58.0,1,7,0,1111.0,44,77,6,0,4.0,12,1,48884,73,0
42.0,0,3,1,4609.0,56,11,2,1,4.0,17,2,258104,17,0
52.0,0,2,2,2190.0,1,64,3,2,4.0,15,0,2190,63,1
29.0,1,5,0,1352.0,53,17,7,1,5.0,19,0,71656,58,1
49.0,1,5,2,1959.0,37,61,0,2,1.0,14,2,72483,34,0
23.0,1,2,2,1995.0,17,20,8,2,3.0,4,1,33915,87,0
50.0,0,1,2,2217.0,38,17,8,0,3.0,0,0,84246,1,0
30.0,0,7,2,2977.0,46,59,5,2,1.0,29,1,136942,23,1
27.0,0,0,1,4499.0,51,68,3,0,3.0,9,1,229449,57,0
51.0,1,5,2,2585.0,4,7,6,0,2.0,19,0,10340,26,1
43.0,0,5,0,1030.0,54,9,3,1,2.0,12,2,55620,50,1
33.0,0,6,1,4104.0,54,22,9,1,1.0,29,2,221616,8,1
38.0,1,6,1,4297.0,22,66,8,0,3.0,21,2,94534,26,0
38.0,1,0,2,1975.0,30,26,1,2,2.0,15,0,59250,55,1
60.0,0,0,0,1065.0,50,78,7,1,1.0,20,2,53250,18,1
49.0,0,7,1,4430.0,38,62,6,2,3.0,6,1,168340,15,0
41.0,1,2,0,1091.0,28,16,7,0,2.0,21,0,30548,13,1
61.0,0,5,0,1276.0,47,63,1,2,1.0,26,2,59972,29,0
54.0,0,4,2,2894.0,43,64,7,0,2.0,15,0,124442,12,1
40.0,1,2,1,4278.0,15,13,6,0,5.0,17,1,64170,65,0
64.0,1,1,2,2504.0,58,5,8,1,5.0,21,0,145232,5,1
49.0,0,0,2,2139.0,51,18,4,0,2.0,23,2,109089,85,1
42.0,0,6,1,4723.0,52,57,10,2,4.0,1,1,245596,70,0
45.0,1,7,0,598.0,31,39,9,1,2.0,23,2,18538,17,1
42.0,0,2,2,2849.0,1,69,8,0,5.0,27,0,2849,50,1
46.0,1,5,0,1114.0,12,47,2,1,1.0,26,0,13368,48,1
41.0,0,6,1,3402.0,44,59,7,2,4.0,14,2,149688,2,0
47.0,0,0,1,4392.0,30,39,0,0,5.0,10,1,131760,10,0
65.0,0,0,0,1357.0,59,55,3,1,1.0,16,0,80063,68,1
22.0,1,7,0,1418.0,60,46,3,1,2.0,13,2,85080,28,0
50.0,1,3,0,653.0,43,55,1,2,5.0,26,2,28079,18,0
57.0,1,7,2,1701.0,60,69,9,0,2.0,20,2,102060,24,1
55.0,1,2,2,2106.0,3,62,8,2,5.0,28,0,6318,2,1
19.0,0,5,0,1380.0,39,42,1,1,2.0,19,0,53820,68,1
62.0,1,6,2,2058.0,44,5,8,2,1.0,27,0,90552,37,1
51.0,0,7,0,953.0,9,18,2,2,1.0,27,2,8577,42,0
34.0,0,3,2,2630.0,59,72,0,1,5.0,20,0,155170,7,0
63.0,0,5,2,2547.0,5,28,10,0,1.0,4,2,12735,20,1
20.0,0,3,2,2410.0,37,51,7,2,5.0,15,1,89170,3,0
18.0,0,7,1,4438.0,9,26,0,1,2.0,8,2,39942,62,1
30.0,1,5,1,4868.0,5,1,8,2,4.0,3,2,24340,63,0
27.0,1,0,1,4400.0,28,6,10,2,4.0,29,1,123200,52,1
65.0,1,6,1,3685.0,3,74,6,0,4.0,13,1,11055,78,0
20.0,0,5,0,1000.0,49,67,5,1,3.0,2,1,49000,76,0
22.0,1,6,2,1988.0,10,33,2,2,3.0,10,0,19880,24,0
52.0,1,4,1,5885.0,19,40,5,0,5.0,11,2,111815,62,0
59.0,0,1,2,1695.0,35,33,7,0,4.0,21,2,59325,19,0
60.0,0,5,1,5058.0,12,70,10,0,1.0,24,2,60696,3,1
20.0,0,6,0,655.0,20,23,2,0,2.0,23,0,13100,40,1
23.0,0,2,1,5954.0,20,27,4,2,4.0,15,0,119080,13,0
42.0,1,7,0,1058.0,35,28,4,0,2.0,30,1,37030,60,1
63.0,1,5,2,2484.0,37,60,6,2,4.0,28,0,91908,47,1
47.0,1,3,0,589.0,51,38,2,2,3.0,24,1,30039,87,0
46.0,0,1,0,1454.0,15,3,9,0,1.0,18,0,21810,11,1
65.0,1,4,2,1824.0,5,64,9,1,2.0,25,2,9120,72,1
22.0,1,2,1,5430.0,7,16,6,1,5.0,23,1,38010,4,0
53.0,0,4,2,2771.0,48,17,3,1,5.0,3,2,133008,38,0
54.0,0,1,1,4656.0,48,48,9,0,1.0,3,2,223488,29,0
31.0,1,3,2,1543.0,4,56,9,2,4.0,17,0,6172,13,1
63.0,1,2,1,4487.0,18,79,5,1,1.0,4,2,80766,70,1
55.0,1,1,1,3303.0,3,76,3,1,1.0,3,0,9909,33,1
48.0,0,1,1,5631.0,21,62,9,2,2.0,11,2,118251,22,0
34.0,0,6,1,4642.0,7,68,4,1,3.0,0,0,32494,25,0
59.0,0,4,0,1419.0,52,53,10,1,1.0,7,0,73788,59,1
62.0,0,5,0,1319.0,27,18,10,1,2.0,4,1,35613,82,1
20.0,0,0,1,4141.0,27,80,5,1,3.0,6,0,111807,50,0
31.0,0,4,1,3206.0,38,47,0,2,3.0,26,1,121828,29,0
54.0,1,1,1,3220.0,5,60,4,2,2.0,5,0,16100,43,1
21.0,1,5,2,1942.0,56,9,7,2,3.0,25,1,108752,48,1
60.0,0,3,2,2111.0,27,1,8,1,5.0,21,0,56997,16,1
65.0,1,2,2,1717.0,11,55,0,2,2.0,27,1,18887,53,1
26.0,1,5,0,1198.0,60,22,7,2,2.0,16,0,71880,42,1
44.0,1,3,1,4746.0,39,25,5,0,5.0,23,2,185094,24,0
36.0,0,5,2,2378.0,50,66,4,0,2.0,27,2,118900,48,1
56.0,0,4,2,1541.0,40,77,7,1,2.0,11,1,61640,43,1
63.0,1,5,2,2733.0,27,63,0,0,3.0,26,0,73791,9,0
56.0,0,4,1,3070.0,1,7,7,2,3.0,12,0,3070,10,1
24.0,0,2,0,680.0,21,57,10,0,1.0,29,1,14280,27,1
21.0,0,1,1,5710.0,24,48,2,0,2.0,2,1,137040,3,0
45.0,1,2,1,3926.0,17,10,0,0,1.0,20,1,66742,53,1
40.0,0,1,0,959.0,38,54,8,1,4.0,16,2,36442,49,1
59.0,0,7,2,3000.0,7,13,2,0,2.0,15,1,21000,6,0
62.0,1,3,2,2656.0,7,56,6,2,2.0,30,2,18592,32,1
30.0,0,2,0,524.0,30,60,10,0,5.0,27,0,15720,58,1
37.0,0,0,1,3388.0,34,60,6,0,3.0,24,0,115192,57,1
28.0,0,4,0,1220.0,54,45,5,0,5.0,19,2,65880,48,0
65.0,1,4,2,2377.0,48,6,1,2,4.0,12,2,114096,47,0
61.0,1,5,1,3159.0,41,26,1,0,5.0,13,0,129519,52,0
53.0,1,4,1,4191.0,8,22,10,0,4.0,28,0,33528,60,1
27.0,0,6,0,530.0,25,21,10,1,1.0,0,2,13250,31,1
59.0,0,5,0,904.0,26,36,0,1,4.0,3,0,23504,90,0
21.0,0,1,2,2020.0,49,30,2,1,5.0,3,1,98980,69,0
62.0,1,4,1,3015.0,23,22,4,0,1.0,22,1,69345,60,1
55.0,0,0,1,4743.0,43,5,6,2,3.0,0,2,203949,9,0
35.0,0,6,1,3377.0,45,47,2,2,4.0,9,2,151965,73,0
30.0,0,1,0,662.0,48,54,6,0,1.0,13,0,31776,71,1
33.0,0,6,0,795.0,53,20,7,0,5.0,12,2,42135,6,0
45.0,1,7,2,2976.0,59,49,6,2,2.0,10,0,175584,39,1
38.0,1,4,0,1496.0,40,54,0,0,5.0,13,1,59840,38,0
32.0,1,2,2,1577.0,7,50,0,0,3.0,4,1,11039,44,0
48.0,1,1,0,576.0,43,48,1,2,1.0,16,1,24768,61,1
28.0,0,0,2,2021.0,20,29,1,2,1.0,21,0,40420,62,1
59.0,1,1,1,4451.0,13,47,6,2,3.0,21,0,57863,53,1
43.0,0,0,0,1088.0,28,76,1,1,5.0,24,2,30464,57,0
51.0,0,3,0,557.0,23,52,2,0,3.0,15,1,12811,33,0
28.0,1,3,2,2089.0,9,9,6,2,3.0,28,2,18801,83,1
53.0,0,6,2,2978.0,32,44,1,2,4.0,30,1,95296,5,0
42.0,1,1,1,4109.0,55,76,7,0,3.0,14,1,225995,65,0
20.0,0,6,0,645.0,27,50,1,0,5.0,28,1,17415,42,0
37.0,1,5,2,1632.0,30,50,4,1,2.0,14,1,48960,84,1
25.0,0,3,1,2284.0,49,12,4,2,3.0,11,2,255094,90,0
50.0,0,2,0,973.0,26,40,0,0,3.0,14,0,25298,1,0
28.0,0,2,1,4793.0,55,65,5,0,2.0,17,0,263615,47,1
34.0,1,3,1,4033.0,30,58,4,0,3.0,8,0,120990,43,0
38.0,0,3,0,1029.0,13,58,5,0,4.0,23,2,13377,27,0
21.0,1,3,2,1907.0,22,40,9,1,2.0,7,0,41954,6,1
65.0,0,2,1,3848.0,18,30,9,0,5.0,29,1,69264,10,0
60.0,0,3,2,2599.0,13,9,3,1,5.0,21,1,33787,34,0
56.0,0,1,2,2912.0,41,79,1,1,4.0,18,2,119392,52,0
56.0,0,5,2,1507.0,58,45,7,1,5.0,27,0,87406,27,1
18.0,1,1,2,2348.0,34,62,5,1,3.0,24,0,79832,24,1
56.0,0,2,0,776.0,60,47,2,2,1.0,12,1,46560,3,0
49.0,1,3,1,3786.0,35,14,5,2,1.0,26,0,132510,68,1
62.0,1,3,2,1563.0,40,66,1,2,3.0,12,0,62520,87,0
27.0,0,1,2,1952.0,3,3,5,2,5.0,9,1,5856,83,0
57.0,0,2,0,1430.0,50,24,7,1,1.0,7,0,71500,74,1
19.0,1,6,1,4942.0,44,6,1,0,5.0,22,1,217448,35,0
46.0,1,0,0,720.0,7,53,4,2,1.0,7,1,5040,76,1
63.0,0,2,2,1616.0,48,24,9,1,2.0,20,1,77568,39,1
20.0,1,3,2,2544.0,2,73,9,0,4.0,26,2,5088,3,0
58.0,1,7,1,5005.0,24,78,9,0,5.0,11,0,120120,33,0
39.0,0,5,2,2990.0,29,70,2,1,5.0,26,2,86710,26,0
39.0,1,1,2,2751.0,21,2,10,0,4.0,17,0,57771,23,0
30.0,1,5,1,4667.0,17,14,3,2,4.0,12,0,79339,3,0
43.0,1,6,1,3973.0,26,47,2,2,1.0,25,2,103298,24,0
52.0,1,3,0,694.0,14,13,1,2,5.0,25,1,9716,3,0
57.0,0,5,2,2246.0,4,1,7,0,1.0,6,0,8984,52,1
28.0,0,3,0,641.0,27,80,0,0,2.0,23,2,17307,61,1
63.0,1,0,0,1097.0,18,9,0,2,2.0,12,2,19746,50,0
54.0,1,1,1,3852.0,6,51,3,0,4.0,24,1,23112,11,0
61.0,0,7,1,3748.0,14,29,9,0,2.0,15,1,52472,5,0
25.0,0,0,1,4732.0,46,57,9,2,4.0,3,1,217672,12,0
28.0,1,4,2,2247.0,3,64,4,1,3.0,17,1,6741,80,1
40.0,0,3,1,4508.0,43,73,2,1,4.0,11,2,193844,44,0
48.0,1,6,0,744.0,25,80,9,1,5.0,8,2,18600,71,0
29.0,1,5,1,4265.0,37,4,1,0,3.0,25,2,157805,44,0
20.0,0,5,1,4893.0,4,76,2,1,2.0,29,2,19572,1,1
34.0,1,3,1,5056.0,16,53,8,2,3.0,22,2,80896,9,0
29.0,1,4,2,1898.0,55,66,10,0,3.0,7,1,104390,55,0
49.0,0,1,1,3915.0,6,39,2,1,2.0,16,0,23490,34,1
36.0,0,4,0,914.0,7,40,6,2,4.0,20,0,6398,81,1
54.0,1,3,2,1892.0,44,58,3,0,5.0,24,2,83248,50,0
37.0,0,7,0,919.0,41,27,7,0,1.0,16,2,37679,9,1
37.0,0,7,0,979.0,45,66,8,2,4.0,5,1,44055,60,0
18.0,1,0,2,2784.0,60,63,2,0,4.0,0,2,167040,78,0
26.0,1,3,0,651.0,30,4,1,0,1.0,3,1,19530,25,0
27.0,1,0,1,4014.0,35,7,9,0,5.0,3,1,140490,43,0
53.0,1,7,1,3721.0,56,72,10,0,2.0,4,2,208376,87,1
24.0,1,2,1,3089.0,12,4,9,1,4.0,14,2,37068,74,0
38.0,1,1,2,1771.0,54,19,3,0,3.0,17,0,95634,58,0
61.0,0,7,1,5945.0,57,56,6,1,4.0,0,2,338865,5,0
59.0,0,6,0,1384.0,22,13,0,2,1.0,21,2,30448,64,1
49.0,1,4,2,1550.0,16,79,9,2,4.0,9,1,24800,63,0
29.0,1,6,2,2896.0,60,55,2,2,1.0,17,2,173760,71,1
26.0,1,7,0,1165.0,22,12,6,2,5.0,13,1,25630,2,0
25.0,0,4,0,1130.0,45,70,4,2,5.0,24,0,50850,33,0
58.0,0,2,1,5291.0,6,37,4,1,5.0,12,2,31746,40,0
60.0,1,5,0,1453.0,28,18,8,1,3.0,5,0,40684,32,0
39.0,1,4,2,2984.0,2,25,9,1,3.0,0,2,5968,88,1
19.0,1,3,2,1964.0,30,34,5,2,5.0,15,0,58920,40,0
33.0,0,0,0,973.0,13,31,3,1,5.0,11,1,12649,78,0
35.0,1,4,0,783.0,27,80,3,2,5.0,25,2,21141,9,0
43.0,1,2,1,4384.0,28,77,3,0,1.0,14,1,122752,78,0
29.0,1,6,1,3121.0,53,57,5,1,3.0,25,0,165413,57,1
42.0,1,3,2,2491.0,20,56,6,2,1.0,15,2,49820,38,0
25.0,1,1,0,1169.0,19,58,1,2,4.0,16,0,22211,15,0
65.0,0,5,0,704.0,32,40,0,1,5.0,24,2,22528,58,0
44.0,1,3,2,2027.0,35,28,1,2,1.0,8,1,70945,48,1
48.0,1,5,0,1119.0,36,33,0,0,2.0,22,2,40284,60,1
40.0,1,6,2,2553.0,15,45,6,2,5.0,13,1,38295,81,0
29.0,1,4,1,2284.0,29,24,3,0,5.0,23,0,144275,20,0
32.0,0,4,1,4076.0,56,68,5,1,2.0,27,0,228256,50,1
19.0,1,3,1,4134.0,57,26,2,0,2.0,19,0,235638,84,1
28.0,1,1,1,3201.0,58,61,6,0,5.0,8,1,185658,52,0
36.0,0,5,2,1837.0,45,49,10,0,2.0,1,2,82665,24,0
55.0,0,1,0,1423.0,28,66,4,1,2.0,10,0,39844,74,1
60.0,1,1,2,1885.0,59,15,6,0,1.0,4,1,111215,71,1
37.0,0,0,1,3034.0,34,34,4,0,3.0,3,0,103156,24,0
37.0,1,6,2,1847.0,39,54,6,0,1.0,18,1,72033,48,1
52.0,0,4,0,1186.0,32,47,6,0,1.0,2,2,37952,17,0
59.0,1,3,0,528.0,47,70,0,0,1.0,13,2,24816,24,0
54.0,1,5,2,1794.0,40,55,3,1,2.0,4,0,71760,14,1
44.0,1,2,2,2094.0,59,31,8,1,1.0,18,2,123546,44,1
21.0,0,6,1,4592.0,48,75,5,0,4.0,16,1,220416,72,0
63.0,0,0,2,2429.0,59,11,10,2,5.0,20,0,143311,10,1
43.0,1,6,0,1147.0,27,8,7,2,2.0,26,0,30969,16,1
58.0,1,7,1,4622.0,13,76,10,1,3.0,28,1,60086,27,1
19.0,1,7,2,2293.0,45,69,0,0,4.0,29,1,103185,8,0
55.0,0,7,2,1607.0,17,65,2,1,2.0,30,0,27319,72,1
60.0,0,3,0,801.0,59,72,2,2,4.0,18,0,47259,4,0
33.0,1,1,2,1967.0,13,51,4,2,5.0,19,0,25571,24,0
53.0,0,3,0,877.0,34,54,1,1,3.0,16,0,29818,5,0
42.0,0,1,0,1263.0,18,55,4,2,2.0,7,2,22734,79,0
62.0,1,4,1,4295.0,13,13,3,1,2.0,2,0,55835,47,1
36.0,1,3,0,664.0,45,54,5,2,4.0,21,0,29880,55,1
56.0,1,1,2,2294.0,36,7,2,0,1.0,1,0,82584,80,1
42.0,0,7,2,2474.0,60,24,5,2,1.0,17,0,148440,20,1
34.0,0,4,1,4319.0,16,39,3,1,4.0,11,2,69104,73,0
44.0,0,2,0,679.0,46,63,9,1,1.0,16,0,31234,49,1
53.0,1,7,1,3721.0,17,23,1,2,5.0,22,2,63257,57,0
37.0,0,4,1,3494.0,22,52,6,2,1.0,2,2,76868,67,1
51.0,1,3,1,3557.0,33,45,2,0,3.0,24,0,117381,78,0
19.0,0,1,2,2764.0,39,18,5,1,3.0,20,0,107796,40,0
45.0,0,1,1,5561.0,27,80,6,0,3.0,30,1,150147,13,0
19.0,1,2,2,1555.0,14,28,6,0,2.0,23,2,21770,41,1
53.0,1,1,1,4507.0,41,4,8,2,4.0,13,2,184787,56,0
48.0,0,6,1,4542.0,24,77,5,2,5.0,11,0,109008,13,0
46.0,0,4,1,3589.0,20,32,1,0,3.0,23,1,71780,25,0
21.0,0,6,2,1794.0,21,15,4,0,4.0,23,1,37674,72,0
45.0,1,7,0,1411.0,21,16,2,1,1.0,8,1,29631,52,1
46.0,1,5,0,965.0,39,12,2,2,3.0,23,1,37635,49,0
32.0,0,1,2,2333.0,1,64,7,2,1.0,1,2,2333,73,1
26.0,1,1,0,697.0,13,79,2,2,5.0,14,1,9061,50,0
24.0,0,7,1,3586.0,58,38,7,1,2.0,18,1,207988,39,1
27.0,0,5,2,1634.0,44,39,3,2,3.0,18,1,71896,47,0
53.0,0,4,2,2484.0,31,13,1,2,5.0,15,1,77004,65,0
53.0,0,3,0,1019.0,50,48,4,2,3.0,19,0,50950,53,1
38.0,0,2,2,2286.0,27,23,2,1,2.0,18,1,61722,43,1
52.0,1,0,0,871.0,40,51,9,1,5.0,19,0,34840,41,1
25.0,1,4,0,1347.0,11,52,6,0,1.0,5,0,14817,47,1
25.0,0,7,1,4857.0,7,77,6,2,5.0,5,1,33999,84,0
50.0,0,0,0,1125.0,29,79,6,0,2.0,2,2,32625,45,0
25.0,1,0,0,1384.0,22,29,1,2,1.0,16,1,30448,50,1
62.0,0,5,2,2631.0,1,20,3,0,5.0,4,2,2631,72,0
44.0,1,6,1,5170.0,47,6,2,0,5.0,17,0,242990,65,0
42.0,0,7,0,890.0,27,44,9,0,5.0,30,2,24030,44,0
60.0,1,6,0,1158.0,36,6,8,0,1.0,19,2,41688,74,1
54.0,0,6,2,2536.0,27,41,1,1,2.0,20,1,68472,24,1
61.0,1,5,1,5433.0,42,56,5,2,3.0,22,0,228186,81,1
53.0,0,6,1,5886.0,13,16,0,1,5.0,0,1,76518,11,0
23.0,1,1,2,1854.0,20,63,4,0,1.0,25,0,37080,12,1
47.0,0,4,2,2350.0,28,69,9,1,5.0,8,1,65800,27,0
45.0,0,5,1,5522.0,26,49,9,0,5.0,0,1,143572,58,0
32.0,0,3,1,5073.0,55,25,0,1,1.0,7,0,279015,69,1
23.0,1,4,1,3669.0,23,78,5,0,3.0,30,2,84387,6,0
28.0,0,5,0,1279.0,13,66,4,2,3.0,22,0,16627,36,0
34.0,0,7,2,1719.0,28,22,5,1,3.0,23,1,48132,67,1
47.0,0,0,0,1261.0,6,66,8,1,2.0,18,0,7566,44,1
48.0,1,3,1,3491.0,13,12,1,0,1.0,16,1,45383,85,1
65.0,1,1,0,1320.0,49,56,7,1,3.0,23,1,64680,72,1
61.0,0,7,0,754.0,53,33,6,2,5.0,21,2,39962,53,1
31.0,1,6,0,835.0,14,49,5,2,2.0,27,2,11690,90,1
43.0,1,1,2,2939.0,1,79,3,2,3.0,17,1,2939,60,1
30.0,1,2,0,785.0,24,2,2,0,4.0,14,1,18840,25,0
31.0,0,2,2,2087.0,6,30,5,1,2.0,29,0,12522,41,1
47.0,1,0,2,2687.0,57,64,0,0,2.0,15,2,153159,88,0
31.0,0,1,1,3071.0,26,14,1,0,4.0,0,1,79846,55,0
37.0,1,6,2,2473.0,59,40,8,1,4.0,24,0,145907,3,1
22.0,1,6,0,1385.0,38,26,7,2,4.0,6,2,52630,30,0
42.0,1,4,1,3487.0,39,33,0,2,2.0,24,1,135993,28,1
31.0,0,3,1,4317.0,36,16,4,1,4.0,30,1,155412,6,0
58.0,0,4,1,4643.0,15,3,10,0,3.0,13,1,69645,66,0
46.0,0,1,2,2638.0,4,12,1,1,1.0,2,0,10552,10,1
65.0,0,6,2,2244.0,22,43,4,0,3.0,15,0,49368,85,0
38.0,1,5,1,5747.0,21,44,6,1,5.0,6,0,120687,73,1
35.0,1,0,1,4607.0,21,74,2,0,1.0,24,1,96747,24,0
57.0,1,7,2,2515.0,24,38,8,2,3.0,26,2,60360,34,0
28.0,1,4,0,1221.0,31,23,5,1,3.0,17,2,37851,40,0
64.0,0,5,2,1674.0,41,20,0,1,4.0,3,1,68634,24,0
53.0,1,3,2,2056.0,36,2,9,1,4.0,26,0,74016,6,1
52.0,0,5,2,2049.0,39,35,3,0,2.0,29,1,79911,53,1
58.0,1,5,0,1232.0,38,59,10,1,2.0,3,1,46816,5,1
21.0,1,1,2,1622.0,36,45,8,0,3.0,28,2,58392,34,0
39.0,0,6,2,2899.0,14,24,10,1,2.0,10,0,40586,36,1
56.0,1,6,0,1133.0,16,59,5,2,2.0,23,1,18128,8,1
47.0,1,1,0,1466.0,27,27,8,0,1.0,14,0,39582,25,1
39.0,1,0,0,1023.0,18,51,6,0,1.0,9,2,18414,74,1
51.0,0,1,0,832.0,46,54,5,0,1.0,12,0,38272,9,0
30.0,0,1,2,1641.0,37,73,7,2,3.0,22,0,60717,33,1
49.0,1,3,1,3530.0,7,34,1,0,1.0,18,0,24710,51,1
43.0,0,3,1,5203.0,17,19,10,0,4.0,24,2,88451,19,0
50.0,1,5,1,4542.0,51,29,6,2,3.0,4,1,231642,58,0
25.0,1,3,0,703.0,42,42,9,2,2.0,9,0,29526,51,1
37.0,1,4,0,856.0,16,3,10,1,2.0,1,0,13696,45,1
39.0,1,5,0,778.0,40,59,0,1,4.0,18,1,31120,54,1
58.0,1,2,0,866.0,23,60,8,1,5.0,8,2,19918,55,0
33.0,1,1,0,810.0,56,25,9,2,1.0,30,2,45360,45,1
26.0,1,4,2,2690.0,15,65,4,0,1.0,11,2,40350,70,0
45.0,1,7,1,3793.0,45,28,7,2,3.0,5,1,170685,68,0
28.0,1,7,0,1331.0,21,30,1,1,3.0,2,1,27951,62,0
29.0,0,1,0,529.0,27,38,4,2,4.0,5,2,14283,15,0
35.0,0,3,2,2296.0,52,60,4,1,3.0,8,1,119392,18,0
54.0,1,2,1,4189.0,60,12,10,2,4.0,16,2,251340,84,0
26.0,0,3,0,813.0,1,3,4,1,1.0,21,1,813,83,1
62.0,0,6,0,1010.0,55,19,6,0,3.0,26,2,55550,39,0
53.0,1,0,0,1002.0,12,27,1,0,1.0,27,1,12024,50,1
37.0,0,1,2,2238.0,40,58,5,1,5.0,8,2,89520,9,0
26.0,0,6,0,1216.0,15,22,1,2,2.0,13,0,18240,38,0
51.0,0,5,1,5531.0,8,21,7,0,3.0,23,2,44248,46,0
61.0,1,3,0,697.0,48,31,0,1,4.0,6,2,33456,8,0
26.0,1,0,0,1412.0,2,52,4,0,2.0,11,1,2824,81,1
55.0,1,2,0,879.0,35,6,3,1,3.0,4,1,30765,35,0
26.0,0,0,0,512.0,6,59,5,1,4.0,29,1,3072,2,1
53.0,1,3,0,1440.0,8,9,0,0,5.0,17,2,11520,79,0
49.0,0,4,0,542.0,34,78,5,2,5.0,14,1,18428,63,0
36.0,1,5,1,4928.0,27,37,10,2,4.0,19,0,133056,57,1
41.0,1,4,2,1871.0,28,64,1,1,1.0,2,0,52388,68,1
31.0,1,7,1,2284.0,39,80,3,0,2.0,16,2,127257,86,1
39.0,1,5,1,5623.0,54,12,1,2,5.0,15,0,303642,69,0
19.0,0,3,0,847.0,52,54,10,2,1.0,3,0,44044,47,1
60.0,1,3,1,3817.0,1,1,7,1,1.0,15,0,3817,28,1
39.0,1,2,0,1289.0,18,41,2,0,1.0,17,2,23202,59,1
22.0,1,7,1,4953.0,59,39,10,1,2.0,14,1,292227,7,1
54.0,0,0,0,1191.0,47,60,3,0,2.0,23,0,55977,26,1
43.0,1,5,0,845.0,46,10,0,0,5.0,13,0,38870,2,0
65.0,0,0,1,4562.0,13,73,6,2,2.0,23,2,59306,9,1
39.0,1,0,2,1739.0,23,73,10,1,5.0,16,1,39997,84,1
24.0,0,5,0,1499.0,43,7,2,2,4.0,11,1,64457,39,0
57.0,0,5,0,953.0,7,25,8,2,3.0,12,0,6671,86,1
34.0,0,5,0,841.0,48,62,7,2,1.0,12,2,40368,18,0
41.0,1,1,2,2513.0,60,60,9,2,2.0,1,1,150780,14,1
65.0,0,6,2,1744.0,39,56,6,2,4.0,13,2,68016,89,0
21.0,0,2,2,1535.0,26,50,2,1,1.0,16,2,39910,71,1
65.0,0,7,0,1158.0,5,34,2,1,1.0,15,0,5790,47,1
56.0,1,4,2,1729.0,27,50,8,2,2.0,23,1,46683,78,1
31.0,0,4,2,2292.0,14,4,1,2,2.0,0,1,32088,61,1
37.0,1,5,0,509.0,10,34,10,1,1.0,30,1,5090,33,1
21.0,1,7,2,2667.0,7,5,1,2,4.0,22,2,18669,43,0
42.0,0,6,1,4970.0,57,13,7,0,3.0,19,1,283290,17,0
54.0,1,5,2,2486.0,13,8,7,0,5.0,7,0,32318,83,0
23.0,1,6,0,943.0,44,41,4,2,1.0,21,2,41492,42,0
27.0,1,1,2,2767.0,10,29,0,0,1.0,29,1,27670,26,0
63.0,1,0,0,1064.0,19,17,7,0,5.0,20,2,20216,64,0
62.0,1,3,0,1158.0,49,71,0,1,1.0,4,2,56742,70,1
43.0,0,5,1,3570.0,2,5,4,0,4.0,2,0,7140,48,0
23.0,1,5,0,642.0,15,61,3,2,5.0,11,1,9630,42,0
